Domain Code,Domain,Area Code (M49),Area,Element Code,Element,Item Code (CPC),Item,Year Code,Year,Unit,Value,Flag,Flag Description,Note
QCL,Crops and livestock products,288,Ghana,5312,Area harvested,1701,"Beans, dry",1991,1991,ha,,M,Missing value; data cannot exist,
QCL,Crops and livestock products,288,Ghana,5510,Production,1701,"Beans, dry",1991,1991,t,,M,Missing value; data cannot exist,
QCL,Crops and livestock products,288,Ghana,5312,Area harvested,1701,"Beans, dry",1992,1992,ha,,M,Missing value; data cannot exist,
QCL,Crops and livestock products,288,Ghana,5510,Production,1701,"Beans, dry",1992,1992,t,,M,Missing value; data cannot exist,
QCL,Crops and livestock products,288,Ghana,5312,Area harvested,1701,"Beans, dry",1993,1993,ha,,M,Missing value; data cannot exist,
QCL,Crops and livestock products,288,Ghana,5510,Production,1701,"Beans, dry",1993,1993,t,,M,Missing value; data cannot exist,
QCL,Crops and livestock products,288,Ghana,5312,Area harvested,1701,"Beans, dry",1994,1994,ha,,M,Missing value; data cannot exist,
QCL,Crops and livestock products,288,Ghana,5510,Production,1701,"Beans, dry",1994,1994,t,,M,Missing value; data cannot exist,
QCL,Crops and livestock products,288,Ghana,5312,Area harvested,1701,"Beans, dry",1995,1995,ha,,M,Missing value; data cannot exist,
QCL,Crops and livestock products,288,Ghana,5510,Production,1701,"Beans, dry",1995,1995,t,,M,Missing value; data cannot exist,
QCL,Crops and livestock products,288,Ghana,5312,Area harvested,1701,"Beans, dry",1996,1996,ha,,M,Missing value; data cannot exist,
QCL,Crops and livestock products,288,Ghana,5510,Production,1701,"Beans, dry",1996,1996,t,,M,Missing value; data cannot exist,
QCL,Crops and livestock products,288,Ghana,5312,Area harvested,1701,"Beans, dry",1997,1997,ha,,M,Missing value; data cannot exist,
QCL,Crops and livestock products,288,Ghana,5510,Production,1701,"Beans, dry",1997,1997,t,,M,Missing value; data cannot exist,
QCL,Crops and livestock products,288,Ghana,5312,Area harvested,1701,"Beans, dry",1998,1998,ha,,M,Missing value; data cannot exist,
QCL,Crops and livestock products,288,Ghana,5510,Production,1701,"Beans, dry",1998,1998,t,,M,Missing value; data cannot exist,
QCL,Crops and livestock products,288,Ghana,5312,Area harvested,1701,"Beans, dry",1999,1999,ha,,M,Missing value; data cannot exist,
QCL,Crops and livestock products,288,Ghana,5510,Production,1701,"Beans, dry",1999,1999,t,,M,Missing value; data cannot exist,
QCL,Crops and livestock products,288,Ghana,5312,Area harvested,1701,"Beans, dry",2000,2000,ha,,M,Missing value; data cannot exist,
QCL,Crops and livestock products,288,Ghana,5510,Production,1701,"Beans, dry",2000,2000,t,,M,Missing value; data cannot exist,
QCL,Crops and livestock products,288,Ghana,5312,Area harvested,1701,"Beans, dry",2001,2001,ha,101500,A,Official value,
QCL,Crops and livestock products,288,Ghana,5412,Yield,1701,"Beans, dry",2001,2001,kg/ha,615.8,A,Official value,
QCL,Crops and livestock products,288,Ghana,5510,Production,1701,"Beans, dry",2001,2001,t,62500,A,Official value,
QCL,Crops and livestock products,288,Ghana,5312,Area harvested,1701,"Beans, dry",2002,2002,ha,180600,A,Official value,
QCL,Crops and livestock products,288,Ghana,5412,Yield,1701,"Beans, dry",2002,2002,kg/ha,775.2,A,Official value,
QCL,Crops and livestock products,288,Ghana,5510,Production,1701,"Beans, dry",2002,2002,t,140000,A,Official value,
QCL,Crops and livestock products,288,Ghana,5312,Area harvested,1701,"Beans, dry",2003,2003,ha,190400,A,Official value,
QCL,Crops and livestock products,288,Ghana,5412,Yield,1701,"Beans, dry",2003,2003,kg/ha,764.7,A,Official value,
QCL,Crops and livestock products,288,Ghana,5510,Production,1701,"Beans, dry",2003,2003,t,145600,A,Official value,
QCL,Crops and livestock products,288,Ghana,5312,Area harvested,1701,"Beans, dry",2004,2004,ha,183400,A,Official value,
QCL,Crops and livestock products,288,Ghana,5412,Yield,1701,"Beans, dry",2004,2004,kg/ha,772.1,A,Official value,
QCL,Crops and livestock products,288,Ghana,5510,Production,1701,"Beans, dry",2004,2004,t,141600,A,Official value,
QCL,Crops and livestock products,288,Ghana,5312,Area harvested,1701,"Beans, dry",2005,2005,ha,180000,A,Official value,
QCL,Crops and livestock products,288,Ghana,5412,Yield,1701,"Beans, dry",2005,2005,kg/ha,798.9,A,Official value,
QCL,Crops and livestock products,288,Ghana,5510,Production,1701,"Beans, dry",2005,2005,t,143800,A,Official value,
QCL,Crops and livestock products,288,Ghana,5312,Area harvested,1701,"Beans, dry",2006,2006,ha,185000,A,Official value,
QCL,Crops and livestock products,288,Ghana,5412,Yield,1701,"Beans, dry",2006,2006,kg/ha,902.7,A,Official value,
QCL,Crops and livestock products,288,Ghana,5510,Production,1701,"Beans, dry",2006,2006,t,167000,A,Official value,
QCL,Crops and livestock products,288,Ghana,5312,Area harvested,1701,"Beans, dry",2007,2007,ha,183400,A,Official value,
QCL,Crops and livestock products,288,Ghana,5412,Yield,1701,"Beans, dry",2007,2007,kg/ha,648.3,A,Official value,
QCL,Crops and livestock products,288,Ghana,5510,Production,1701,"Beans, dry",2007,2007,t,118900,A,Official value,
QCL,Crops and livestock products,288,Ghana,5312,Area harvested,1701,"Beans, dry",2008,2008,ha,221727,I,Value imputed by a receiving agency,
QCL,Crops and livestock products,288,Ghana,5412,Yield,1701,"Beans, dry",2008,2008,kg/ha,811.4,E,Estimated value,
QCL,Crops and livestock products,288,Ghana,5510,Production,1701,"Beans, dry",2008,2008,t,179900,A,Official value,
QCL,Crops and livestock products,288,Ghana,5312,Area harvested,1701,"Beans, dry",2009,2009,ha,220954,I,Value imputed by a receiving agency,
QCL,Crops and livestock products,288,Ghana,5412,Yield,1701,"Beans, dry",2009,2009,kg/ha,926.9,E,Estimated value,
QCL,Crops and livestock products,288,Ghana,5510,Production,1701,"Beans, dry",2009,2009,t,204800,A,Official value,
QCL,Crops and livestock products,288,Ghana,5312,Area harvested,1701,"Beans, dry",2010,2010,ha,185756,I,Value imputed by a receiving agency,
QCL,Crops and livestock products,288,Ghana,5412,Yield,1701,"Beans, dry",2010,2010,kg/ha,1012.5,E,Estimated value,
QCL,Crops and livestock products,288,Ghana,5510,Production,1701,"Beans, dry",2010,2010,t,188082.23,I,Value imputed by a receiving agency,
QCL,Crops and livestock products,288,Ghana,5312,Area harvested,1701,"Beans, dry",2011,2011,ha,170107,I,Value imputed by a receiving agency,
QCL,Crops and livestock products,288,Ghana,5412,Yield,1701,"Beans, dry",2011,2011,kg/ha,1128.6,E,Estimated value,
QCL,Crops and livestock products,288,Ghana,5510,Production,1701,"Beans, dry",2011,2011,t,191977.89,I,Value imputed by a receiving agency,
QCL,Crops and livestock products,288,Ghana,5312,Area harvested,1701,"Beans, dry",2012,2012,ha,168800,A,Official value,
QCL,Crops and livestock products,288,Ghana,5412,Yield,1701,"Beans, dry",2012,2012,kg/ha,1322.3,A,Official value,
QCL,Crops and livestock products,288,Ghana,5510,Production,1701,"Beans, dry",2012,2012,t,223200,A,Official value,
QCL,Crops and livestock products,288,Ghana,5312,Area harvested,1701,"Beans, dry",2013,2013,ha,162000,A,Official value,
QCL,Crops and livestock products,288,Ghana,5412,Yield,1701,"Beans, dry",2013,2013,kg/ha,1237,A,Official value,
QCL,Crops and livestock products,288,Ghana,5510,Production,1701,"Beans, dry",2013,2013,t,200400,A,Official value,
QCL,Crops and livestock products,288,Ghana,5312,Area harvested,1701,"Beans, dry",2014,2014,ha,165720,A,Official value,
QCL,Crops and livestock products,288,Ghana,5412,Yield,1701,"Beans, dry",2014,2014,kg/ha,1213.8,A,Official value,
QCL,Crops and livestock products,288,Ghana,5510,Production,1701,"Beans, dry",2014,2014,t,201150,A,Official value,
QCL,Crops and livestock products,288,Ghana,5312,Area harvested,1701,"Beans, dry",2015,2015,ha,165720,A,Official value,
QCL,Crops and livestock products,288,Ghana,5412,Yield,1701,"Beans, dry",2015,2015,kg/ha,1213.8,A,Official value,
QCL,Crops and livestock products,288,Ghana,5510,Production,1701,"Beans, dry",2015,2015,t,201150,A,Official value,
QCL,Crops and livestock products,288,Ghana,5312,Area harvested,1701,"Beans, dry",2016,2016,ha,112910,I,Value imputed by a receiving agency,
QCL,Crops and livestock products,288,Ghana,5412,Yield,1701,"Beans, dry",2016,2016,kg/ha,1268.4,E,Estimated value,
QCL,Crops and livestock products,288,Ghana,5510,Production,1701,"Beans, dry",2016,2016,t,143216.09,A,Official value,
QCL,Crops and livestock products,288,Ghana,5312,Area harvested,1701,"Beans, dry",2017,2017,ha,129132,I,Value imputed by a receiving agency,
QCL,Crops and livestock products,288,Ghana,5412,Yield,1701,"Beans, dry",2017,2017,kg/ha,1320.3,E,Estimated value,
QCL,Crops and livestock products,288,Ghana,5510,Production,1701,"Beans, dry",2017,2017,t,170490.27,A,Official value,
QCL,Crops and livestock products,288,Ghana,5312,Area harvested,1701,"Beans, dry",2018,2018,ha,129783,I,Value imputed by a receiving agency,
QCL,Crops and livestock products,288,Ghana,5412,Yield,1701,"Beans, dry",2018,2018,kg/ha,1361.3,E,Estimated value,
QCL,Crops and livestock products,288,Ghana,5510,Production,1701,"Beans, dry",2018,2018,t,176671.84,A,Official value,
QCL,Crops and livestock products,288,Ghana,5312,Area harvested,1701,"Beans, dry",2019,2019,ha,123942,E,Estimated value,
QCL,Crops and livestock products,288,Ghana,5412,Yield,1701,"Beans, dry",2019,2019,kg/ha,1318.8,E,Estimated value,
QCL,Crops and livestock products,288,Ghana,5510,Production,1701,"Beans, dry",2019,2019,t,163459.4,E,Estimated value,
QCL,Crops and livestock products,288,Ghana,5312,Area harvested,1701,"Beans, dry",2020,2020,ha,127619,E,Estimated value,
QCL,Crops and livestock products,288,Ghana,5412,Yield,1701,"Beans, dry",2020,2020,kg/ha,1327.9,E,Estimated value,
QCL,Crops and livestock products,288,Ghana,5510,Production,1701,"Beans, dry",2020,2020,t,169463.85,I,Value imputed by a receiving agency,
QCL,Crops and livestock products,288,Ghana,5312,Area harvested,1701,"Beans, dry",2021,2021,ha,127114,E,Estimated value,
QCL,Crops and livestock products,288,Ghana,5412,Yield,1701,"Beans, dry",2021,2021,kg/ha,1372.8,E,Estimated value,
QCL,Crops and livestock products,288,Ghana,5510,Production,1701,"Beans, dry",2021,2021,t,174498.4,I,Value imputed by a receiving agency,
QCL,Crops and livestock products,288,Ghana,5312,Area harvested,1701,"Beans, dry",2022,2022,ha,126225,E,Estimated value,
QCL,Crops and livestock products,288,Ghana,5412,Yield,1701,"Beans, dry",2022,2022,kg/ha,1335.9,E,Estimated value,
QCL,Crops and livestock products,288,Ghana,5510,Production,1701,"Beans, dry",2022,2022,t,168628.66,I,Value imputed by a receiving agency,
QCL,Crops and livestock products,288,Ghana,5312,Area harvested,1701,"Beans, dry",2023,2023,ha,126986,E,Estimated value,
QCL,Crops and livestock products,288,Ghana,5412,Yield,1701,"Beans, dry",2023,2023,kg/ha,1318.1,E,Estimated value,
QCL,Crops and livestock products,288,Ghana,5510,Production,1701,"Beans, dry",2023,2023,t,167374.37,I,Value imputed by a receiving agency,
QCL,Crops and livestock products,288,Ghana,5312,Area harvested,1701,"Beans, dry",2024,2024,ha,126775,E,Estimated value,
QCL,Crops and livestock products,288,Ghana,5412,Yield,1701,"Beans, dry",2024,2024,kg/ha,1310.4,E,Estimated value,
QCL,Crops and livestock products,288,Ghana,5510,Production,1701,"Beans, dry",2024,2024,t,166120.08,I,Value imputed by a receiving agency,
QCL,Crops and livestock products,288,Ghana,5312,Area harvested,1520.01,"Cassava, fresh",1961,1961,ha,140000,E,Estimated value,
QCL,Crops and livestock products,288,Ghana,5412,Yield,1520.01,"Cassava, fresh",1961,1961,kg/ha,7500,E,Estimated value,
QCL,Crops and livestock products,288,Ghana,5510,Production,1520.01,"Cassava, fresh",1961,1961,t,1050000,E,Estimated value,
QCL,Crops and livestock products,288,Ghana,5312,Area harvested,1520.01,"Cassava, fresh",1962,1962,ha,140000,E,Estimated value,
QCL,Crops and livestock products,288,Ghana,5412,Yield,1520.01,"Cassava, fresh",1962,1962,kg/ha,7500,E,Estimated value,
QCL,Crops and livestock products,288,Ghana,5510,Production,1520.01,"Cassava, fresh",1962,1962,t,1050000,E,Estimated value,
QCL,Crops and livestock products,288,Ghana,5312,Area harvested,1520.01,"Cassava, fresh",1963,1963,ha,158554,A,Official value,
QCL,Crops and livestock products,288,Ghana,5412,Yield,1520.01,"Cassava, fresh",1963,1963,kg/ha,7532.2,A,Official value,
QCL,Crops and livestock products,288,Ghana,5510,Production,1520.01,"Cassava, fresh",1963,1963,t,1194265,A,Official value,
QCL,Crops and livestock products,288,Ghana,5312,Area harvested,1520.01,"Cassava, fresh",1964,1964,ha,162803,A,Official value,
QCL,Crops and livestock products,288,Ghana,5412,Yield,1520.01,"Cassava, fresh",1964,1964,kg/ha,7546.6,A,Official value,
QCL,Crops and livestock products,288,Ghana,5510,Production,1520.01,"Cassava, fresh",1964,1964,t,1228608,A,Official value,
QCL,Crops and livestock products,288,Ghana,5312,Area harvested,1520.01,"Cassava, fresh",1965,1965,ha,150000,E,Estimated value,
QCL,Crops and livestock products,288,Ghana,5412,Yield,1520.01,"Cassava, fresh",1965,1965,kg/ha,9333.3,E,Estimated value,
QCL,Crops and livestock products,288,Ghana,5510,Production,1520.01,"Cassava, fresh",1965,1965,t,1400000,E,Estimated value,
QCL,Crops and livestock products,288,Ghana,5312,Area harvested,1520.01,"Cassava, fresh",1966,1966,ha,186000,E,Estimated value,
QCL,Crops and livestock products,288,Ghana,5412,Yield,1520.01,"Cassava, fresh",1966,1966,kg/ha,8344.1,E,Estimated value,
QCL,Crops and livestock products,288,Ghana,5510,Production,1520.01,"Cassava, fresh",1966,1966,t,1552000,A,Official value,
QCL,Crops and livestock products,288,Ghana,5312,Area harvested,1520.01,"Cassava, fresh",1967,1967,ha,183000,E,Estimated value,
QCL,Crops and livestock products,288,Ghana,5412,Yield,1520.01,"Cassava, fresh",1967,1967,kg/ha,8617.5,E,Estimated value,
QCL,Crops and livestock products,288,Ghana,5510,Production,1520.01,"Cassava, fresh",1967,1967,t,1577000,A,Official value,
QCL,Crops and livestock products,288,Ghana,5312,Area harvested,1520.01,"Cassava, fresh",1968,1968,ha,172000,E,Estimated value,
QCL,Crops and livestock products,288,Ghana,5412,Yield,1520.01,"Cassava, fresh",1968,1968,kg/ha,8404.7,E,Estimated value,
QCL,Crops and livestock products,288,Ghana,5510,Production,1520.01,"Cassava, fresh",1968,1968,t,1445600,A,Official value,
QCL,Crops and livestock products,288,Ghana,5312,Area harvested,1520.01,"Cassava, fresh",1969,1969,ha,200000,E,Estimated value,
QCL,Crops and livestock products,288,Ghana,5412,Yield,1520.01,"Cassava, fresh",1969,1969,kg/ha,7500,E,Estimated value,
QCL,Crops and livestock products,288,Ghana,5510,Production,1520.01,"Cassava, fresh",1969,1969,t,1500000,E,Estimated value,
QCL,Crops and livestock products,288,Ghana,5312,Area harvested,1520.01,"Cassava, fresh",1970,1970,ha,210000,E,Estimated value,
QCL,Crops and livestock products,288,Ghana,5412,Yield,1520.01,"Cassava, fresh",1970,1970,kg/ha,7381,E,Estimated value,
QCL,Crops and livestock products,288,Ghana,5510,Production,1520.01,"Cassava, fresh",1970,1970,t,1550000,E,Estimated value,
QCL,Crops and livestock products,288,Ghana,5312,Area harvested,1520.01,"Cassava, fresh",1971,1971,ha,210000,E,Estimated value,
QCL,Crops and livestock products,288,Ghana,5412,Yield,1520.01,"Cassava, fresh",1971,1971,kg/ha,7381,E,Estimated value,
QCL,Crops and livestock products,288,Ghana,5510,Production,1520.01,"Cassava, fresh",1971,1971,t,1550000,E,Estimated value,
QCL,Crops and livestock products,288,Ghana,5312,Area harvested,1520.01,"Cassava, fresh",1972,1972,ha,220000,E,Estimated value,
QCL,Crops and livestock products,288,Ghana,5412,Yield,1520.01,"Cassava, fresh",1972,1972,kg/ha,7500,E,Estimated value,
QCL,Crops and livestock products,288,Ghana,5510,Production,1520.01,"Cassava, fresh",1972,1972,t,1650000,E,Estimated value,
QCL,Crops and livestock products,288,Ghana,5312,Area harvested,1520.01,"Cassava, fresh",1973,1973,ha,224000,E,Estimated value,
QCL,Crops and livestock products,288,Ghana,5412,Yield,1520.01,"Cassava, fresh",1973,1973,kg/ha,7142.9,E,Estimated value,
QCL,Crops and livestock products,288,Ghana,5510,Production,1520.01,"Cassava, fresh",1973,1973,t,1600000,E,Estimated value,
QCL,Crops and livestock products,288,Ghana,5312,Area harvested,1520.01,"Cassava, fresh",1974,1974,ha,225000,E,Estimated value,
QCL,Crops and livestock products,288,Ghana,5412,Yield,1520.01,"Cassava, fresh",1974,1974,kg/ha,7111.1,E,Estimated value,
QCL,Crops and livestock products,288,Ghana,5510,Production,1520.01,"Cassava, fresh",1974,1974,t,1600000,E,Estimated value,
QCL,Crops and livestock products,288,Ghana,5312,Area harvested,1520.01,"Cassava, fresh",1975,1975,ha,285000,A,Official value,
QCL,Crops and livestock products,288,Ghana,5412,Yield,1520.01,"Cassava, fresh",1975,1975,kg/ha,6666.7,E,Estimated value,
QCL,Crops and livestock products,288,Ghana,5510,Production,1520.01,"Cassava, fresh",1975,1975,t,1900000,E,Estimated value,
QCL,Crops and livestock products,288,Ghana,5312,Area harvested,1520.01,"Cassava, fresh",1976,1976,ha,250000,A,Official value,
QCL,Crops and livestock products,288,Ghana,5412,Yield,1520.01,"Cassava, fresh",1976,1976,kg/ha,7276,A,Official value,
QCL,Crops and livestock products,288,Ghana,5510,Production,1520.01,"Cassava, fresh",1976,1976,t,1819000,A,Official value,
QCL,Crops and livestock products,288,Ghana,5312,Area harvested,1520.01,"Cassava, fresh",1977,1977,ha,232000,A,Official value,
QCL,Crops and livestock products,288,Ghana,5412,Yield,1520.01,"Cassava, fresh",1977,1977,kg/ha,7806,A,Official value,
QCL,Crops and livestock products,288,Ghana,5510,Production,1520.01,"Cassava, fresh",1977,1977,t,1811000,A,Official value,
QCL,Crops and livestock products,288,Ghana,5312,Area harvested,1520.01,"Cassava, fresh",1978,1978,ha,235000,A,Official value,
QCL,Crops and livestock products,288,Ghana,5412,Yield,1520.01,"Cassava, fresh",1978,1978,kg/ha,8063.8,A,Official value,
QCL,Crops and livestock products,288,Ghana,5510,Production,1520.01,"Cassava, fresh",1978,1978,t,1895000,A,Official value,
QCL,Crops and livestock products,288,Ghana,5312,Area harvested,1520.01,"Cassava, fresh",1979,1979,ha,219000,A,Official value,
QCL,Crops and livestock products,288,Ghana,5412,Yield,1520.01,"Cassava, fresh",1979,1979,kg/ha,8032,A,Official value,
QCL,Crops and livestock products,288,Ghana,5510,Production,1520.01,"Cassava, fresh",1979,1979,t,1759000,A,Official value,
QCL,Crops and livestock products,288,Ghana,5312,Area harvested,1520.01,"Cassava, fresh",1980,1980,ha,230000,E,Estimated value,
QCL,Crops and livestock products,288,Ghana,5412,Yield,1520.01,"Cassava, fresh",1980,1980,kg/ha,8076.5,E,Estimated value,
QCL,Crops and livestock products,288,Ghana,5510,Production,1520.01,"Cassava, fresh",1980,1980,t,1857600,A,Official value,
QCL,Crops and livestock products,288,Ghana,5312,Area harvested,1520.01,"Cassava, fresh",1981,1981,ha,210000,E,Estimated value,
QCL,Crops and livestock products,288,Ghana,5412,Yield,1520.01,"Cassava, fresh",1981,1981,kg/ha,9833.3,E,Estimated value,
QCL,Crops and livestock products,288,Ghana,5510,Production,1520.01,"Cassava, fresh",1981,1981,t,2065000,A,Official value,
QCL,Crops and livestock products,288,Ghana,5312,Area harvested,1520.01,"Cassava, fresh",1982,1982,ha,230000,E,Estimated value,
QCL,Crops and livestock products,288,Ghana,5412,Yield,1520.01,"Cassava, fresh",1982,1982,kg/ha,8634.8,E,Estimated value,
QCL,Crops and livestock products,288,Ghana,5510,Production,1520.01,"Cassava, fresh",1982,1982,t,1986000,A,Official value,
QCL,Crops and livestock products,288,Ghana,5312,Area harvested,1520.01,"Cassava, fresh",1983,1983,ha,210000,E,Estimated value,
QCL,Crops and livestock products,288,Ghana,5412,Yield,1520.01,"Cassava, fresh",1983,1983,kg/ha,8228.6,E,Estimated value,
QCL,Crops and livestock products,288,Ghana,5510,Production,1520.01,"Cassava, fresh",1983,1983,t,1728000,A,Official value,
QCL,Crops and livestock products,288,Ghana,5312,Area harvested,1520.01,"Cassava, fresh",1984,1984,ha,250000,E,Estimated value,
QCL,Crops and livestock products,288,Ghana,5412,Yield,1520.01,"Cassava, fresh",1984,1984,kg/ha,8800,E,Estimated value,
QCL,Crops and livestock products,288,Ghana,5510,Production,1520.01,"Cassava, fresh",1984,1984,t,2200000,E,Estimated value,
QCL,Crops and livestock products,288,Ghana,5312,Area harvested,1520.01,"Cassava, fresh",1985,1985,ha,289954,A,Official value,
QCL,Crops and livestock products,288,Ghana,5412,Yield,1520.01,"Cassava, fresh",1985,1985,kg/ha,7932.3,E,Estimated value,
QCL,Crops and livestock products,288,Ghana,5510,Production,1520.01,"Cassava, fresh",1985,1985,t,2300000,E,Estimated value,
QCL,Crops and livestock products,288,Ghana,5312,Area harvested,1520.01,"Cassava, fresh",1986,1986,ha,387200,E,Estimated value,
QCL,Crops and livestock products,288,Ghana,5412,Yield,1520.01,"Cassava, fresh",1986,1986,kg/ha,7428.2,E,Estimated value,
QCL,Crops and livestock products,288,Ghana,5510,Production,1520.01,"Cassava, fresh",1986,1986,t,2876200,A,Official value,
QCL,Crops and livestock products,288,Ghana,5312,Area harvested,1520.01,"Cassava, fresh",1987,1987,ha,389500,E,Estimated value,
QCL,Crops and livestock products,288,Ghana,5412,Yield,1520.01,"Cassava, fresh",1987,1987,kg/ha,6998.2,E,Estimated value,
QCL,Crops and livestock products,288,Ghana,5510,Production,1520.01,"Cassava, fresh",1987,1987,t,2725800,A,Official value,
QCL,Crops and livestock products,288,Ghana,5312,Area harvested,1520.01,"Cassava, fresh",1988,1988,ha,444000,E,Estimated value,
QCL,Crops and livestock products,288,Ghana,5412,Yield,1520.01,"Cassava, fresh",1988,1988,kg/ha,7432.4,E,Estimated value,
QCL,Crops and livestock products,288,Ghana,5510,Production,1520.01,"Cassava, fresh",1988,1988,t,3300000,A,Official value,
QCL,Crops and livestock products,288,Ghana,5312,Area harvested,1520.01,"Cassava, fresh",1989,1989,ha,446000,E,Estimated value,
QCL,Crops and livestock products,288,Ghana,5412,Yield,1520.01,"Cassava, fresh",1989,1989,kg/ha,7443.9,E,Estimated value,
QCL,Crops and livestock products,288,Ghana,5510,Production,1520.01,"Cassava, fresh",1989,1989,t,3320000,A,Official value,
QCL,Crops and livestock products,288,Ghana,5312,Area harvested,1520.01,"Cassava, fresh",1990,1990,ha,322800,E,Estimated value,
QCL,Crops and livestock products,288,Ghana,5412,Yield,1520.01,"Cassava, fresh",1990,1990,kg/ha,8417,E,Estimated value,
QCL,Crops and livestock products,288,Ghana,5510,Production,1520.01,"Cassava, fresh",1990,1990,t,2717000,A,Official value,
QCL,Crops and livestock products,288,Ghana,5312,Area harvested,1520.01,"Cassava, fresh",1991,1991,ha,534700,E,Estimated value,
QCL,Crops and livestock products,288,Ghana,5412,Yield,1520.01,"Cassava, fresh",1991,1991,kg/ha,10663,E,Estimated value,
QCL,Crops and livestock products,288,Ghana,5510,Production,1520.01,"Cassava, fresh",1991,1991,t,5701500,A,Official value,
QCL,Crops and livestock products,288,Ghana,5312,Area harvested,1520.01,"Cassava, fresh",1992,1992,ha,551900,E,Estimated value,
QCL,Crops and livestock products,288,Ghana,5412,Yield,1520.01,"Cassava, fresh",1992,1992,kg/ha,10259.1,E,Estimated value,
QCL,Crops and livestock products,288,Ghana,5510,Production,1520.01,"Cassava, fresh",1992,1992,t,5662000,A,Official value,
QCL,Crops and livestock products,288,Ghana,5312,Area harvested,1520.01,"Cassava, fresh",1993,1993,ha,531800,E,Estimated value,
QCL,Crops and livestock products,288,Ghana,5412,Yield,1520.01,"Cassava, fresh",1993,1993,kg/ha,11230.9,E,Estimated value,
QCL,Crops and livestock products,288,Ghana,5510,Production,1520.01,"Cassava, fresh",1993,1993,t,5972600,A,Official value,
QCL,Crops and livestock products,288,Ghana,5312,Area harvested,1520.01,"Cassava, fresh",1994,1994,ha,520400,E,Estimated value,
QCL,Crops and livestock products,288,Ghana,5412,Yield,1520.01,"Cassava, fresh",1994,1994,kg/ha,11577.6,E,Estimated value,
QCL,Crops and livestock products,288,Ghana,5510,Production,1520.01,"Cassava, fresh",1994,1994,t,6025000,A,Official value,
QCL,Crops and livestock products,288,Ghana,5312,Area harvested,1520.01,"Cassava, fresh",1995,1995,ha,551300,E,Estimated value,
QCL,Crops and livestock products,288,Ghana,5412,Yield,1520.01,"Cassava, fresh",1995,1995,kg/ha,11992.4,E,Estimated value,
QCL,Crops and livestock products,288,Ghana,5510,Production,1520.01,"Cassava, fresh",1995,1995,t,6611400,A,Official value,
QCL,Crops and livestock products,288,Ghana,5312,Area harvested,1520.01,"Cassava, fresh",1996,1996,ha,590668,E,Estimated value,
QCL,Crops and livestock products,288,Ghana,5412,Yield,1520.01,"Cassava, fresh",1996,1996,kg/ha,12039.2,E,Estimated value,
QCL,Crops and livestock products,288,Ghana,5510,Production,1520.01,"Cassava, fresh",1996,1996,t,7111180,A,Official value,
QCL,Crops and livestock products,288,Ghana,5312,Area harvested,1520.01,"Cassava, fresh",1997,1997,ha,589300,E,Estimated value,
QCL,Crops and livestock products,288,Ghana,5412,Yield,1520.01,"Cassava, fresh",1997,1997,kg/ha,11877.7,E,Estimated value,
QCL,Crops and livestock products,288,Ghana,5510,Production,1520.01,"Cassava, fresh",1997,1997,t,6999509,A,Official value,
QCL,Crops and livestock products,288,Ghana,5312,Area harvested,1520.01,"Cassava, fresh",1998,1998,ha,629680,E,Estimated value,
QCL,Crops and livestock products,288,Ghana,5412,Yield,1520.01,"Cassava, fresh",1998,1998,kg/ha,11389.1,E,Estimated value,
QCL,Crops and livestock products,288,Ghana,5510,Production,1520.01,"Cassava, fresh",1998,1998,t,7171500,A,Official value,
QCL,Crops and livestock products,288,Ghana,5312,Area harvested,1520.01,"Cassava, fresh",1999,1999,ha,640300,E,Estimated value,
QCL,Crops and livestock products,288,Ghana,5412,Yield,1520.01,"Cassava, fresh",1999,1999,kg/ha,12252.8,E,Estimated value,
QCL,Crops and livestock products,288,Ghana,5510,Production,1520.01,"Cassava, fresh",1999,1999,t,7845440,A,Official value,
QCL,Crops and livestock products,288,Ghana,5312,Area harvested,1520.01,"Cassava, fresh",2000,2000,ha,660100,E,Estimated value,
QCL,Crops and livestock products,288,Ghana,5412,Yield,1520.01,"Cassava, fresh",2000,2000,kg/ha,12281.2,E,Estimated value,
QCL,Crops and livestock products,288,Ghana,5510,Production,1520.01,"Cassava, fresh",2000,2000,t,8106800,A,Official value,
QCL,Crops and livestock products,288,Ghana,5312,Area harvested,1520.01,"Cassava, fresh",2001,2001,ha,726357,E,Estimated value,
QCL,Crops and livestock products,288,Ghana,5412,Yield,1520.01,"Cassava, fresh",2001,2001,kg/ha,12343.6,E,Estimated value,
QCL,Crops and livestock products,288,Ghana,5510,Production,1520.01,"Cassava, fresh",2001,2001,t,8965840,A,Official value,
QCL,Crops and livestock products,288,Ghana,5312,Area harvested,1520.01,"Cassava, fresh",2002,2002,ha,794440,E,Estimated value,
QCL,Crops and livestock products,288,Ghana,5412,Yield,1520.01,"Cassava, fresh",2002,2002,kg/ha,12248.9,E,Estimated value,
QCL,Crops and livestock products,288,Ghana,5510,Production,1520.01,"Cassava, fresh",2002,2002,t,9731040,A,Official value,
QCL,Crops and livestock products,288,Ghana,5312,Area harvested,1520.01,"Cassava, fresh",2003,2003,ha,807200,E,Estimated value,
QCL,Crops and livestock products,288,Ghana,5412,Yield,1520.01,"Cassava, fresh",2003,2003,kg/ha,12685,E,Estimated value,
QCL,Crops and livestock products,288,Ghana,5510,Production,1520.01,"Cassava, fresh",2003,2003,t,10239340,A,Official value,
QCL,Crops and livestock products,288,Ghana,5312,Area harvested,1520.01,"Cassava, fresh",2004,2004,ha,783947,A,Official value,
QCL,Crops and livestock products,288,Ghana,5412,Yield,1520.01,"Cassava, fresh",2004,2004,kg/ha,12422.8,A,Official value,
QCL,Crops and livestock products,288,Ghana,5510,Production,1520.01,"Cassava, fresh",2004,2004,t,9738812,A,Official value,
QCL,Crops and livestock products,288,Ghana,5312,Area harvested,1520.01,"Cassava, fresh",2005,2005,ha,750000,A,Official value,
QCL,Crops and livestock products,288,Ghana,5412,Yield,1520.01,"Cassava, fresh",2005,2005,kg/ha,12756,A,Official value,
QCL,Crops and livestock products,288,Ghana,5510,Production,1520.01,"Cassava, fresh",2005,2005,t,9567000,A,Official value,
QCL,Crops and livestock products,288,Ghana,5312,Area harvested,1520.01,"Cassava, fresh",2006,2006,ha,790000,A,Official value,
QCL,Crops and livestock products,288,Ghana,5412,Yield,1520.01,"Cassava, fresh",2006,2006,kg/ha,12200,A,Official value,
QCL,Crops and livestock products,288,Ghana,5510,Production,1520.01,"Cassava, fresh",2006,2006,t,9638000,A,Official value,
QCL,Crops and livestock products,288,Ghana,5312,Area harvested,1520.01,"Cassava, fresh",2007,2007,ha,800530,A,Official value,
QCL,Crops and livestock products,288,Ghana,5412,Yield,1520.01,"Cassava, fresh",2007,2007,kg/ha,12764,A,Official value,
QCL,Crops and livestock products,288,Ghana,5510,Production,1520.01,"Cassava, fresh",2007,2007,t,10217930,A,Official value,
QCL,Crops and livestock products,288,Ghana,5312,Area harvested,1520.01,"Cassava, fresh",2008,2008,ha,839920,A,Official value,
QCL,Crops and livestock products,288,Ghana,5412,Yield,1520.01,"Cassava, fresh",2008,2008,kg/ha,13514.5,A,Official value,
QCL,Crops and livestock products,288,Ghana,5510,Production,1520.01,"Cassava, fresh",2008,2008,t,11351100,A,Official value,
QCL,Crops and livestock products,288,Ghana,5312,Area harvested,1520.01,"Cassava, fresh",2009,2009,ha,885800,A,Official value,
QCL,Crops and livestock products,288,Ghana,5412,Yield,1520.01,"Cassava, fresh",2009,2009,kg/ha,13807.4,A,Official value,
QCL,Crops and livestock products,288,Ghana,5510,Production,1520.01,"Cassava, fresh",2009,2009,t,12230600,A,Official value,
QCL,Crops and livestock products,288,Ghana,5312,Area harvested,1520.01,"Cassava, fresh",2010,2010,ha,875013,A,Official value,
QCL,Crops and livestock products,288,Ghana,5412,Yield,1520.01,"Cassava, fresh",2010,2010,kg/ha,15433,A,Official value,
QCL,Crops and livestock products,288,Ghana,5510,Production,1520.01,"Cassava, fresh",2010,2010,t,13504086,A,Official value,
QCL,Crops and livestock products,288,Ghana,5312,Area harvested,1520.01,"Cassava, fresh",2011,2011,ha,889364,A,Official value,
QCL,Crops and livestock products,288,Ghana,5412,Yield,1520.01,"Cassava, fresh",2011,2011,kg/ha,16012.4,A,Official value,
QCL,Crops and livestock products,288,Ghana,5510,Production,1520.01,"Cassava, fresh",2011,2011,t,14240867,A,Official value,
QCL,Crops and livestock products,288,Ghana,5312,Area harvested,1520.01,"Cassava, fresh",2012,2012,ha,868550,A,Official value,
QCL,Crops and livestock products,288,Ghana,5412,Yield,1520.01,"Cassava, fresh",2012,2012,kg/ha,16748.9,A,Official value,
QCL,Crops and livestock products,288,Ghana,5510,Production,1520.01,"Cassava, fresh",2012,2012,t,14547279,A,Official value,
QCL,Crops and livestock products,288,Ghana,5312,Area harvested,1520.01,"Cassava, fresh",2013,2013,ha,875185,A,Official value,
QCL,Crops and livestock products,288,Ghana,5412,Yield,1520.01,"Cassava, fresh",2013,2013,kg/ha,18270.4,A,Official value,
QCL,Crops and livestock products,288,Ghana,5510,Production,1520.01,"Cassava, fresh",2013,2013,t,15989940,A,Official value,
QCL,Crops and livestock products,288,Ghana,5312,Area harvested,1520.01,"Cassava, fresh",2014,2014,ha,888847,A,Official value,
QCL,Crops and livestock products,288,Ghana,5412,Yield,1520.01,"Cassava, fresh",2014,2014,kg/ha,20023.9,A,Official value,
QCL,Crops and livestock products,288,Ghana,5510,Production,1520.01,"Cassava, fresh",2014,2014,t,17798217,A,Official value,
QCL,Crops and livestock products,288,Ghana,5312,Area harvested,1520.01,"Cassava, fresh",2015,2015,ha,916544,A,Official value,
QCL,Crops and livestock products,288,Ghana,5412,Yield,1520.01,"Cassava, fresh",2015,2015,kg/ha,18780.1,A,Official value,
QCL,Crops and livestock products,288,Ghana,5510,Production,1520.01,"Cassava, fresh",2015,2015,t,17212756,A,Official value,
QCL,Crops and livestock products,288,Ghana,5312,Area harvested,1520.01,"Cassava, fresh",2016,2016,ha,938725,A,Official value,
QCL,Crops and livestock products,288,Ghana,5412,Yield,1520.01,"Cassava, fresh",2016,2016,kg/ha,18960,A,Official value,
QCL,Crops and livestock products,288,Ghana,5510,Production,1520.01,"Cassava, fresh",2016,2016,t,17798217,A,Official value,
QCL,Crops and livestock products,288,Ghana,5312,Area harvested,1520.01,"Cassava, fresh",2017,2017,ha,917000,A,Official value,
QCL,Crops and livestock products,288,Ghana,5412,Yield,1520.01,"Cassava, fresh",2017,2017,kg/ha,20729.3,A,Official value,
QCL,Crops and livestock products,288,Ghana,5510,Production,1520.01,"Cassava, fresh",2017,2017,t,19008724.86,A,Official value,
QCL,Crops and livestock products,288,Ghana,5312,Area harvested,1520.01,"Cassava, fresh",2018,2018,ha,977000,A,Official value,
QCL,Crops and livestock products,288,Ghana,5412,Yield,1520.01,"Cassava, fresh",2018,2018,kg/ha,21336.7,A,Official value,
QCL,Crops and livestock products,288,Ghana,5510,Production,1520.01,"Cassava, fresh",2018,2018,t,20845959.96,A,Official value,
QCL,Crops and livestock products,288,Ghana,5312,Area harvested,1520.01,"Cassava, fresh",2019,2019,ha,1021000,A,Official value,
QCL,Crops and livestock products,288,Ghana,5412,Yield,1520.01,"Cassava, fresh",2019,2019,kg/ha,22282.1,A,Official value,
QCL,Crops and livestock products,288,Ghana,5510,Production,1520.01,"Cassava, fresh",2019,2019,t,22750000,A,Official value,
QCL,Crops and livestock products,288,Ghana,5312,Area harvested,1520.01,"Cassava, fresh",2020,2020,ha,1061000,A,Official value,
QCL,Crops and livestock products,288,Ghana,5412,Yield,1520.01,"Cassava, fresh",2020,2020,kg/ha,22967,A,Official value,
QCL,Crops and livestock products,288,Ghana,5510,Production,1520.01,"Cassava, fresh",2020,2020,t,24368000,A,Official value,
QCL,Crops and livestock products,288,Ghana,5312,Area harvested,1520.01,"Cassava, fresh",2021,2021,ha,1051000,A,Official value,
QCL,Crops and livestock products,288,Ghana,5412,Yield,1520.01,"Cassava, fresh",2021,2021,kg/ha,23784,A,Official value,
QCL,Crops and livestock products,288,Ghana,5510,Production,1520.01,"Cassava, fresh",2021,2021,t,24997000,A,Official value,
QCL,Crops and livestock products,288,Ghana,5312,Area harvested,1520.01,"Cassava, fresh",2022,2022,ha,1048809,I,Value imputed by a receiving agency,
QCL,Crops and livestock products,288,Ghana,5412,Yield,1520.01,"Cassava, fresh",2022,2022,kg/ha,24416.2,E,Estimated value,
QCL,Crops and livestock products,288,Ghana,5510,Production,1520.01,"Cassava, fresh",2022,2022,t,25607885.35,I,Value imputed by a receiving agency,
QCL,Crops and livestock products,288,Ghana,5312,Area harvested,1520.01,"Cassava, fresh",2023,2023,ha,1060877,I,Value imputed by a receiving agency,
QCL,Crops and livestock products,288,Ghana,5412,Yield,1520.01,"Cassava, fresh",2023,2023,kg/ha,25071.9,E,Estimated value,
QCL,Crops and livestock products,288,Ghana,5510,Production,1520.01,"Cassava, fresh",2023,2023,t,26598173.66,I,Value imputed by a receiving agency,
QCL,Crops and livestock products,288,Ghana,5312,Area harvested,1520.01,"Cassava, fresh",2024,2024,ha,1079366,I,Value imputed by a receiving agency,
QCL,Crops and livestock products,288,Ghana,5412,Yield,1520.01,"Cassava, fresh",2024,2024,kg/ha,25865,E,Estimated value,
QCL,Crops and livestock products,288,Ghana,5510,Production,1520.01,"Cassava, fresh",2024,2024,t,27917780.52,I,Value imputed by a receiving agency,
QCL,Crops and livestock products,288,Ghana,5312,Area harvested,112,Maize (corn),1961,1961,ha,237000,E,Estimated value,
QCL,Crops and livestock products,288,Ghana,5412,Yield,112,Maize (corn),1961,1961,kg/ha,953.6,E,Estimated value,
QCL,Crops and livestock products,288,Ghana,5510,Production,112,Maize (corn),1961,1961,t,226000,X,Value from external organization,Unofficial figure
QCL,Crops and livestock products,288,Ghana,5312,Area harvested,112,Maize (corn),1962,1962,ha,237000,E,Estimated value,
QCL,Crops and livestock products,288,Ghana,5412,Yield,112,Maize (corn),1962,1962,kg/ha,928.3,E,Estimated value,
QCL,Crops and livestock products,288,Ghana,5510,Production,112,Maize (corn),1962,1962,t,220000,E,Estimated value,
QCL,Crops and livestock products,288,Ghana,5312,Area harvested,112,Maize (corn),1963,1963,ha,202340,A,Official value,
QCL,Crops and livestock products,288,Ghana,5412,Yield,112,Maize (corn),1963,1963,kg/ha,903.9,A,Official value,
QCL,Crops and livestock products,288,Ghana,5510,Production,112,Maize (corn),1963,1963,t,182889,A,Official value,
QCL,Crops and livestock products,288,Ghana,5312,Area harvested,112,Maize (corn),1964,1964,ha,202340,A,Official value,
QCL,Crops and livestock products,288,Ghana,5412,Yield,112,Maize (corn),1964,1964,kg/ha,853.7,A,Official value,
QCL,Crops and livestock products,288,Ghana,5510,Production,112,Maize (corn),1964,1964,t,172728,A,Official value,
QCL,Crops and livestock products,288,Ghana,5312,Area harvested,112,Maize (corn),1965,1965,ha,173277,A,Official value,
QCL,Crops and livestock products,288,Ghana,5412,Yield,112,Maize (corn),1965,1965,kg/ha,1206.2,A,Official value,
QCL,Crops and livestock products,288,Ghana,5510,Production,112,Maize (corn),1965,1965,t,209001,A,Official value,
QCL,Crops and livestock products,288,Ghana,5312,Area harvested,112,Maize (corn),1966,1966,ha,250900,A,Official value,
QCL,Crops and livestock products,288,Ghana,5412,Yield,112,Maize (corn),1966,1966,kg/ha,1602.6,A,Official value,
QCL,Crops and livestock products,288,Ghana,5510,Production,112,Maize (corn),1966,1966,t,402100,A,Official value,
QCL,Crops and livestock products,288,Ghana,5312,Area harvested,112,Maize (corn),1967,1967,ha,294600,A,Official value,
QCL,Crops and livestock products,288,Ghana,5412,Yield,112,Maize (corn),1967,1967,kg/ha,1164,A,Official value,
QCL,Crops and livestock products,288,Ghana,5510,Production,112,Maize (corn),1967,1967,t,342917,A,Official value,
QCL,Crops and livestock products,288,Ghana,5312,Area harvested,112,Maize (corn),1968,1968,ha,271500,A,Official value,
QCL,Crops and livestock products,288,Ghana,5412,Yield,112,Maize (corn),1968,1968,kg/ha,1108.9,A,Official value,
QCL,Crops and livestock products,288,Ghana,5510,Production,112,Maize (corn),1968,1968,t,301056,A,Official value,
QCL,Crops and livestock products,288,Ghana,5312,Area harvested,112,Maize (corn),1969,1969,ha,275182,A,Official value,
QCL,Crops and livestock products,288,Ghana,5412,Yield,112,Maize (corn),1969,1969,kg/ha,1104.7,A,Official value,
QCL,Crops and livestock products,288,Ghana,5510,Production,112,Maize (corn),1969,1969,t,304000,A,Official value,
QCL,Crops and livestock products,288,Ghana,5312,Area harvested,112,Maize (corn),1970,1970,ha,452500,A,Official value,
QCL,Crops and livestock products,288,Ghana,5412,Yield,112,Maize (corn),1970,1970,kg/ha,1064.3,A,Official value,
QCL,Crops and livestock products,288,Ghana,5510,Production,112,Maize (corn),1970,1970,t,481600,A,Official value,
QCL,Crops and livestock products,288,Ghana,5312,Area harvested,112,Maize (corn),1971,1971,ha,432600,A,Official value,
QCL,Crops and livestock products,288,Ghana,5412,Yield,112,Maize (corn),1971,1971,kg/ha,1075.8,A,Official value,
QCL,Crops and livestock products,288,Ghana,5510,Production,112,Maize (corn),1971,1971,t,465400,A,Official value,
QCL,Crops and livestock products,288,Ghana,5312,Area harvested,112,Maize (corn),1972,1972,ha,388500,A,Official value,
QCL,Crops and livestock products,288,Ghana,5412,Yield,112,Maize (corn),1972,1972,kg/ha,1035.8,A,Official value,
QCL,Crops and livestock products,288,Ghana,5510,Production,112,Maize (corn),1972,1972,t,402400,A,Official value,
QCL,Crops and livestock products,288,Ghana,5312,Area harvested,112,Maize (corn),1973,1973,ha,405500,A,Official value,
QCL,Crops and livestock products,288,Ghana,5412,Yield,112,Maize (corn),1973,1973,kg/ha,1052.5,A,Official value,
QCL,Crops and livestock products,288,Ghana,5510,Production,112,Maize (corn),1973,1973,t,426800,A,Official value,
QCL,Crops and livestock products,288,Ghana,5312,Area harvested,112,Maize (corn),1974,1974,ha,424900,A,Official value,
QCL,Crops and livestock products,288,Ghana,5412,Yield,112,Maize (corn),1974,1974,kg/ha,1143.1,A,Official value,
QCL,Crops and livestock products,288,Ghana,5510,Production,112,Maize (corn),1974,1974,t,485700,A,Official value,
QCL,Crops and livestock products,288,Ghana,5312,Area harvested,112,Maize (corn),1975,1975,ha,319700,A,Official value,
QCL,Crops and livestock products,288,Ghana,5412,Yield,112,Maize (corn),1975,1975,kg/ha,1074.1,A,Official value,
QCL,Crops and livestock products,288,Ghana,5510,Production,112,Maize (corn),1975,1975,t,343400,A,Official value,
QCL,Crops and livestock products,288,Ghana,5312,Area harvested,112,Maize (corn),1976,1976,ha,274000,A,Official value,
QCL,Crops and livestock products,288,Ghana,5412,Yield,112,Maize (corn),1976,1976,kg/ha,1043.8,A,Official value,
QCL,Crops and livestock products,288,Ghana,5510,Production,112,Maize (corn),1976,1976,t,286000,A,Official value,
QCL,Crops and livestock products,288,Ghana,5312,Area harvested,112,Maize (corn),1977,1977,ha,256000,A,Official value,
QCL,Crops and livestock products,288,Ghana,5412,Yield,112,Maize (corn),1977,1977,kg/ha,1070.3,A,Official value,
QCL,Crops and livestock products,288,Ghana,5510,Production,112,Maize (corn),1977,1977,t,274000,A,Official value,
QCL,Crops and livestock products,288,Ghana,5312,Area harvested,112,Maize (corn),1978,1978,ha,205000,A,Official value,
QCL,Crops and livestock products,288,Ghana,5412,Yield,112,Maize (corn),1978,1978,kg/ha,1063.4,A,Official value,
QCL,Crops and livestock products,288,Ghana,5510,Production,112,Maize (corn),1978,1978,t,218000,A,Official value,
QCL,Crops and livestock products,288,Ghana,5312,Area harvested,112,Maize (corn),1979,1979,ha,358000,A,Official value,
QCL,Crops and livestock products,288,Ghana,5412,Yield,112,Maize (corn),1979,1979,kg/ha,1061.5,A,Official value,
QCL,Crops and livestock products,288,Ghana,5510,Production,112,Maize (corn),1979,1979,t,380000,A,Official value,
QCL,Crops and livestock products,288,Ghana,5312,Area harvested,112,Maize (corn),1980,1980,ha,440000,A,Official value,
QCL,Crops and livestock products,288,Ghana,5412,Yield,112,Maize (corn),1980,1980,kg/ha,868.2,A,Official value,
QCL,Crops and livestock products,288,Ghana,5510,Production,112,Maize (corn),1980,1980,t,382000,A,Official value,
QCL,Crops and livestock products,288,Ghana,5312,Area harvested,112,Maize (corn),1981,1981,ha,372000,A,Official value,
QCL,Crops and livestock products,288,Ghana,5412,Yield,112,Maize (corn),1981,1981,kg/ha,1016.1,A,Official value,
QCL,Crops and livestock products,288,Ghana,5510,Production,112,Maize (corn),1981,1981,t,378000,A,Official value,
QCL,Crops and livestock products,288,Ghana,5312,Area harvested,112,Maize (corn),1982,1982,ha,373000,A,Official value,
QCL,Crops and livestock products,288,Ghana,5412,Yield,112,Maize (corn),1982,1982,kg/ha,927.6,A,Official value,
QCL,Crops and livestock products,288,Ghana,5510,Production,112,Maize (corn),1982,1982,t,346000,A,Official value,
QCL,Crops and livestock products,288,Ghana,5312,Area harvested,112,Maize (corn),1983,1983,ha,400000,A,Official value,
QCL,Crops and livestock products,288,Ghana,5412,Yield,112,Maize (corn),1983,1983,kg/ha,430,A,Official value,
QCL,Crops and livestock products,288,Ghana,5510,Production,112,Maize (corn),1983,1983,t,172000,A,Official value,
QCL,Crops and livestock products,288,Ghana,5312,Area harvested,112,Maize (corn),1984,1984,ha,724000,A,Official value,
QCL,Crops and livestock products,288,Ghana,5412,Yield,112,Maize (corn),1984,1984,kg/ha,961.3,A,Official value,
QCL,Crops and livestock products,288,Ghana,5510,Production,112,Maize (corn),1984,1984,t,696000,A,Official value,
QCL,Crops and livestock products,288,Ghana,5312,Area harvested,112,Maize (corn),1985,1985,ha,579000,A,Official value,
QCL,Crops and livestock products,288,Ghana,5412,Yield,112,Maize (corn),1985,1985,kg/ha,1008.6,A,Official value,
QCL,Crops and livestock products,288,Ghana,5510,Production,112,Maize (corn),1985,1985,t,584000,A,Official value,
QCL,Crops and livestock products,288,Ghana,5312,Area harvested,112,Maize (corn),1986,1986,ha,472000,A,Official value,
QCL,Crops and livestock products,288,Ghana,5412,Yield,112,Maize (corn),1986,1986,kg/ha,1184.5,A,Official value,
QCL,Crops and livestock products,288,Ghana,5510,Production,112,Maize (corn),1986,1986,t,559100,A,Official value,
QCL,Crops and livestock products,288,Ghana,5312,Area harvested,112,Maize (corn),1987,1987,ha,548000,A,Official value,
QCL,Crops and livestock products,288,Ghana,5412,Yield,112,Maize (corn),1987,1987,kg/ha,1090.7,A,Official value,
QCL,Crops and livestock products,288,Ghana,5510,Production,112,Maize (corn),1987,1987,t,597700,A,Official value,
QCL,Crops and livestock products,288,Ghana,5312,Area harvested,112,Maize (corn),1988,1988,ha,540000,A,Official value,
QCL,Crops and livestock products,288,Ghana,5412,Yield,112,Maize (corn),1988,1988,kg/ha,1390.7,A,Official value,
QCL,Crops and livestock products,288,Ghana,5510,Production,112,Maize (corn),1988,1988,t,751000,A,Official value,
QCL,Crops and livestock products,288,Ghana,5312,Area harvested,112,Maize (corn),1989,1989,ha,567000,A,Official value,
QCL,Crops and livestock products,288,Ghana,5412,Yield,112,Maize (corn),1989,1989,kg/ha,1261,A,Official value,
QCL,Crops and livestock products,288,Ghana,5510,Production,112,Maize (corn),1989,1989,t,715000,A,Official value,
QCL,Crops and livestock products,288,Ghana,5312,Area harvested,112,Maize (corn),1990,1990,ha,464800,A,Official value,
QCL,Crops and livestock products,288,Ghana,5412,Yield,112,Maize (corn),1990,1990,kg/ha,1188.9,A,Official value,
QCL,Crops and livestock products,288,Ghana,5510,Production,112,Maize (corn),1990,1990,t,552600,A,Official value,
QCL,Crops and livestock products,288,Ghana,5312,Area harvested,112,Maize (corn),1991,1991,ha,610400,A,Official value,
QCL,Crops and livestock products,288,Ghana,5412,Yield,112,Maize (corn),1991,1991,kg/ha,1526,A,Official value,
QCL,Crops and livestock products,288,Ghana,5510,Production,112,Maize (corn),1991,1991,t,931500,A,Official value,
QCL,Crops and livestock products,288,Ghana,5312,Area harvested,112,Maize (corn),1992,1992,ha,606800,A,Official value,
QCL,Crops and livestock products,288,Ghana,5412,Yield,112,Maize (corn),1992,1992,kg/ha,1204,A,Official value,
QCL,Crops and livestock products,288,Ghana,5510,Production,112,Maize (corn),1992,1992,t,730600,A,Official value,
QCL,Crops and livestock products,288,Ghana,5312,Area harvested,112,Maize (corn),1993,1993,ha,636700,A,Official value,
QCL,Crops and livestock products,288,Ghana,5412,Yield,112,Maize (corn),1993,1993,kg/ha,1509.2,A,Official value,
QCL,Crops and livestock products,288,Ghana,5510,Production,112,Maize (corn),1993,1993,t,960900,A,Official value,
QCL,Crops and livestock products,288,Ghana,5312,Area harvested,112,Maize (corn),1994,1994,ha,629400,A,Official value,
QCL,Crops and livestock products,288,Ghana,5412,Yield,112,Maize (corn),1994,1994,kg/ha,1493.3,A,Official value,
QCL,Crops and livestock products,288,Ghana,5510,Production,112,Maize (corn),1994,1994,t,939908,A,Official value,
QCL,Crops and livestock products,288,Ghana,5312,Area harvested,112,Maize (corn),1995,1995,ha,688600,A,Official value,
QCL,Crops and livestock products,288,Ghana,5412,Yield,112,Maize (corn),1995,1995,kg/ha,1502,A,Official value,
QCL,Crops and livestock products,288,Ghana,5510,Production,112,Maize (corn),1995,1995,t,1034300,A,Official value,
QCL,Crops and livestock products,288,Ghana,5312,Area harvested,112,Maize (corn),1996,1996,ha,664950,A,Official value,
QCL,Crops and livestock products,288,Ghana,5412,Yield,112,Maize (corn),1996,1996,kg/ha,1515.3,A,Official value,
QCL,Crops and livestock products,288,Ghana,5510,Production,112,Maize (corn),1996,1996,t,1007610,A,Official value,
QCL,Crops and livestock products,288,Ghana,5312,Area harvested,112,Maize (corn),1997,1997,ha,651600,A,Official value,
QCL,Crops and livestock products,288,Ghana,5412,Yield,112,Maize (corn),1997,1997,kg/ha,1528.5,A,Official value,
QCL,Crops and livestock products,288,Ghana,5510,Production,112,Maize (corn),1997,1997,t,996000,A,Official value,
QCL,Crops and livestock products,288,Ghana,5312,Area harvested,112,Maize (corn),1998,1998,ha,696620,A,Official value,
QCL,Crops and livestock products,288,Ghana,5412,Yield,112,Maize (corn),1998,1998,kg/ha,1485,A,Official value,
QCL,Crops and livestock products,288,Ghana,5510,Production,112,Maize (corn),1998,1998,t,1034500,A,Official value,
QCL,Crops and livestock products,288,Ghana,5312,Area harvested,112,Maize (corn),1999,1999,ha,696900,A,Official value,
QCL,Crops and livestock products,288,Ghana,5412,Yield,112,Maize (corn),1999,1999,kg/ha,1455.7,A,Official value,
QCL,Crops and livestock products,288,Ghana,5510,Production,112,Maize (corn),1999,1999,t,1014450,A,Official value,
QCL,Crops and livestock products,288,Ghana,5312,Area harvested,112,Maize (corn),2000,2000,ha,694700,A,Official value,
QCL,Crops and livestock products,288,Ghana,5412,Yield,112,Maize (corn),2000,2000,kg/ha,1457.8,A,Official value,
QCL,Crops and livestock products,288,Ghana,5510,Production,112,Maize (corn),2000,2000,t,1012700,A,Official value,
QCL,Crops and livestock products,288,Ghana,5312,Area harvested,112,Maize (corn),2001,2001,ha,713303,A,Official value,
QCL,Crops and livestock products,288,Ghana,5412,Yield,112,Maize (corn),2001,2001,kg/ha,1315,A,Official value,
QCL,Crops and livestock products,288,Ghana,5510,Production,112,Maize (corn),2001,2001,t,937973,A,Official value,
QCL,Crops and livestock products,288,Ghana,5312,Area harvested,112,Maize (corn),2002,2002,ha,939600,A,Official value,
QCL,Crops and livestock products,288,Ghana,5412,Yield,112,Maize (corn),2002,2002,kg/ha,1490,A,Official value,
QCL,Crops and livestock products,288,Ghana,5510,Production,112,Maize (corn),2002,2002,t,1400000,A,Official value,
QCL,Crops and livestock products,288,Ghana,5312,Area harvested,112,Maize (corn),2003,2003,ha,791900,A,Official value,
QCL,Crops and livestock products,288,Ghana,5412,Yield,112,Maize (corn),2003,2003,kg/ha,1627.2,A,Official value,
QCL,Crops and livestock products,288,Ghana,5510,Production,112,Maize (corn),2003,2003,t,1288600,A,Official value,
QCL,Crops and livestock products,288,Ghana,5312,Area harvested,112,Maize (corn),2004,2004,ha,732955,A,Official value,
QCL,Crops and livestock products,288,Ghana,5412,Yield,112,Maize (corn),2004,2004,kg/ha,1579.4,A,Official value,
QCL,Crops and livestock products,288,Ghana,5510,Production,112,Maize (corn),2004,2004,t,1157621,A,Official value,
QCL,Crops and livestock products,288,Ghana,5312,Area harvested,112,Maize (corn),2005,2005,ha,750000,A,Official value,
QCL,Crops and livestock products,288,Ghana,5412,Yield,112,Maize (corn),2005,2005,kg/ha,1561.3,A,Official value,
QCL,Crops and livestock products,288,Ghana,5510,Production,112,Maize (corn),2005,2005,t,1171000,A,Official value,
QCL,Crops and livestock products,288,Ghana,5312,Area harvested,112,Maize (corn),2006,2006,ha,793000,A,Official value,
QCL,Crops and livestock products,288,Ghana,5412,Yield,112,Maize (corn),2006,2006,kg/ha,1499.4,A,Official value,
QCL,Crops and livestock products,288,Ghana,5510,Production,112,Maize (corn),2006,2006,t,1189000,A,Official value,
QCL,Crops and livestock products,288,Ghana,5312,Area harvested,112,Maize (corn),2007,2007,ha,790070,A,Official value,
QCL,Crops and livestock products,288,Ghana,5412,Yield,112,Maize (corn),2007,2007,kg/ha,1543.7,A,Official value,
QCL,Crops and livestock products,288,Ghana,5510,Production,112,Maize (corn),2007,2007,t,1219600,A,Official value,
QCL,Crops and livestock products,288,Ghana,5312,Area harvested,112,Maize (corn),2008,2008,ha,846260,A,Official value,
QCL,Crops and livestock products,288,Ghana,5412,Yield,112,Maize (corn),2008,2008,kg/ha,1737.1,A,Official value,
QCL,Crops and livestock products,288,Ghana,5510,Production,112,Maize (corn),2008,2008,t,1470080,A,Official value,
QCL,Crops and livestock products,288,Ghana,5312,Area harvested,112,Maize (corn),2009,2009,ha,954430,A,Official value,
QCL,Crops and livestock products,288,Ghana,5412,Yield,112,Maize (corn),2009,2009,kg/ha,1696.9,A,Official value,
QCL,Crops and livestock products,288,Ghana,5510,Production,112,Maize (corn),2009,2009,t,1619590,A,Official value,
QCL,Crops and livestock products,288,Ghana,5312,Area harvested,112,Maize (corn),2010,2010,ha,991669,A,Official value,
QCL,Crops and livestock products,288,Ghana,5412,Yield,112,Maize (corn),2010,2010,kg/ha,1887.4,A,Official value,
QCL,Crops and livestock products,288,Ghana,5510,Production,112,Maize (corn),2010,2010,t,1871695,A,Official value,
QCL,Crops and livestock products,288,Ghana,5312,Area harvested,112,Maize (corn),2011,2011,ha,1023177,A,Official value,
QCL,Crops and livestock products,288,Ghana,5412,Yield,112,Maize (corn),2011,2011,kg/ha,1645.8,A,Official value,
QCL,Crops and livestock products,288,Ghana,5510,Production,112,Maize (corn),2011,2011,t,1683984,A,Official value,
QCL,Crops and livestock products,288,Ghana,5312,Area harvested,112,Maize (corn),2012,2012,ha,1042083,A,Official value,
QCL,Crops and livestock products,288,Ghana,5412,Yield,112,Maize (corn),2012,2012,kg/ha,1871.2,A,Official value,
QCL,Crops and livestock products,288,Ghana,5510,Production,112,Maize (corn),2012,2012,t,1949897,A,Official value,
QCL,Crops and livestock products,288,Ghana,5312,Area harvested,112,Maize (corn),2013,2013,ha,1023459,A,Official value,
QCL,Crops and livestock products,288,Ghana,5412,Yield,112,Maize (corn),2013,2013,kg/ha,1724,A,Official value,
QCL,Crops and livestock products,288,Ghana,5510,Production,112,Maize (corn),2013,2013,t,1764477,A,Official value,
QCL,Crops and livestock products,288,Ghana,5312,Area harvested,112,Maize (corn),2014,2014,ha,1019000,A,Official value,
QCL,Crops and livestock products,288,Ghana,5412,Yield,112,Maize (corn),2014,2014,kg/ha,1729.1,A,Official value,
QCL,Crops and livestock products,288,Ghana,5510,Production,112,Maize (corn),2014,2014,t,1762000,A,Official value,
QCL,Crops and livestock products,288,Ghana,5312,Area harvested,112,Maize (corn),2015,2015,ha,880250,A,Official value,
QCL,Crops and livestock products,288,Ghana,5412,Yield,112,Maize (corn),2015,2015,kg/ha,1921.8,A,Official value,
QCL,Crops and livestock products,288,Ghana,5510,Production,112,Maize (corn),2015,2015,t,1691643.9,A,Official value,
QCL,Crops and livestock products,288,Ghana,5312,Area harvested,112,Maize (corn),2016,2016,ha,883031,A,Official value,
QCL,Crops and livestock products,288,Ghana,5412,Yield,112,Maize (corn),2016,2016,kg/ha,1950,A,Official value,
QCL,Crops and livestock products,288,Ghana,5510,Production,112,Maize (corn),2016,2016,t,1721910.12,A,Official value,
QCL,Crops and livestock products,288,Ghana,5312,Area harvested,112,Maize (corn),2017,2017,ha,1000000,X,Value from external organization,Unofficial figure
QCL,Crops and livestock products,288,Ghana,5412,Yield,112,Maize (corn),2017,2017,kg/ha,2011.2,E,Estimated value,
QCL,Crops and livestock products,288,Ghana,5510,Production,112,Maize (corn),2017,2017,t,2011179.42,A,Official value,
QCL,Crops and livestock products,288,Ghana,5312,Area harvested,112,Maize (corn),2018,2018,ha,1021000,A,Official value,
QCL,Crops and livestock products,288,Ghana,5412,Yield,112,Maize (corn),2018,2018,kg/ha,2258.9,A,Official value,
QCL,Crops and livestock products,288,Ghana,5510,Production,112,Maize (corn),2018,2018,t,2306383.95,A,Official value,
QCL,Crops and livestock products,288,Ghana,5312,Area harvested,112,Maize (corn),2019,2019,ha,1150000,A,Official value,
QCL,Crops and livestock products,288,Ghana,5412,Yield,112,Maize (corn),2019,2019,kg/ha,2531.3,A,Official value,
QCL,Crops and livestock products,288,Ghana,5510,Production,112,Maize (corn),2019,2019,t,2911000,A,Official value,
QCL,Crops and livestock products,288,Ghana,5312,Area harvested,112,Maize (corn),2020,2020,ha,1189000,A,Official value,
QCL,Crops and livestock products,288,Ghana,5412,Yield,112,Maize (corn),2020,2020,kg/ha,2582.8,A,Official value,
QCL,Crops and livestock products,288,Ghana,5510,Production,112,Maize (corn),2020,2020,t,3071000,A,Official value,
QCL,Crops and livestock products,288,Ghana,5312,Area harvested,112,Maize (corn),2021,2021,ha,1266000,A,Official value,
QCL,Crops and livestock products,288,Ghana,5412,Yield,112,Maize (corn),2021,2021,kg/ha,2530,A,Official value,
QCL,Crops and livestock products,288,Ghana,5510,Production,112,Maize (corn),2021,2021,t,3203000,A,Official value,
QCL,Crops and livestock products,288,Ghana,5312,Area harvested,112,Maize (corn),2022,2022,ha,1300000,X,Value from external organization,Unofficial figure
QCL,Crops and livestock products,288,Ghana,5412,Yield,112,Maize (corn),2022,2022,kg/ha,2504.4,X,Value from external organization,
QCL,Crops and livestock products,288,Ghana,5510,Production,112,Maize (corn),2022,2022,t,3255718,X,Value from external organization,Unofficial figure
QCL,Crops and livestock products,288,Ghana,5312,Area harvested,112,Maize (corn),2023,2023,ha,1300000,X,Value from external organization,Unofficial figure
QCL,Crops and livestock products,288,Ghana,5412,Yield,112,Maize (corn),2023,2023,kg/ha,2753.1,X,Value from external organization,
QCL,Crops and livestock products,288,Ghana,5510,Production,112,Maize (corn),2023,2023,t,3579000,X,Value from external organization,Unofficial figure
QCL,Crops and livestock products,288,Ghana,5312,Area harvested,112,Maize (corn),2024,2024,ha,1368623,I,Value imputed by a receiving agency,
QCL,Crops and livestock products,288,Ghana,5412,Yield,112,Maize (corn),2024,2024,kg/ha,2772.1,E,Estimated value,
QCL,Crops and livestock products,288,Ghana,5510,Production,112,Maize (corn),2024,2024,t,3794000,X,Value from external organization,Unofficial figure
QCL,Crops and livestock products,288,Ghana,5312,Area harvested,113,Rice,1961,1961,ha,27518,X,Value from external organization,Unofficial figure
QCL,Crops and livestock products,288,Ghana,5412,Yield,113,Rice,1961,1961,kg/ha,1104.7,X,Value from external organization,
QCL,Crops and livestock products,288,Ghana,5510,Production,113,Rice,1961,1961,t,30400,X,Value from external organization,Unofficial figure
QCL,Crops and livestock products,288,Ghana,5312,Area harvested,113,Rice,1962,1962,ha,28000,E,Estimated value,
QCL,Crops and livestock products,288,Ghana,5412,Yield,113,Rice,1962,1962,kg/ha,1107.1,E,Estimated value,
QCL,Crops and livestock products,288,Ghana,5510,Production,113,Rice,1962,1962,t,31000,X,Value from external organization,Unofficial figure
QCL,Crops and livestock products,288,Ghana,5312,Area harvested,113,Rice,1963,1963,ha,32374,A,Official value,
QCL,Crops and livestock products,288,Ghana,5412,Yield,113,Rice,1963,1963,kg/ha,1004.3,A,Official value,
QCL,Crops and livestock products,288,Ghana,5510,Production,113,Rice,1963,1963,t,32514,A,Official value,
QCL,Crops and livestock products,288,Ghana,5312,Area harvested,113,Rice,1964,1964,ha,42653,A,Official value,
QCL,Crops and livestock products,288,Ghana,5412,Yield,113,Rice,1964,1964,kg/ha,1005.3,A,Official value,
QCL,Crops and livestock products,288,Ghana,5510,Production,113,Rice,1964,1964,t,42877,A,Official value,
QCL,Crops and livestock products,288,Ghana,5312,Area harvested,113,Rice,1965,1965,ha,32306,A,Official value,
QCL,Crops and livestock products,288,Ghana,5412,Yield,113,Rice,1965,1965,kg/ha,1009.6,A,Official value,
QCL,Crops and livestock products,288,Ghana,5510,Production,113,Rice,1965,1965,t,32615,A,Official value,
QCL,Crops and livestock products,288,Ghana,5312,Area harvested,113,Rice,1966,1966,ha,33000,A,Official value,
QCL,Crops and livestock products,288,Ghana,5412,Yield,113,Rice,1966,1966,kg/ha,1151.5,A,Official value,
QCL,Crops and livestock products,288,Ghana,5510,Production,113,Rice,1966,1966,t,38000,A,Official value,
QCL,Crops and livestock products,288,Ghana,5312,Area harvested,113,Rice,1967,1967,ha,43705,A,Official value,
QCL,Crops and livestock products,288,Ghana,5412,Yield,113,Rice,1967,1967,kg/ha,1197.3,A,Official value,
QCL,Crops and livestock products,288,Ghana,5510,Production,113,Rice,1967,1967,t,52327,A,Official value,
QCL,Crops and livestock products,288,Ghana,5312,Area harvested,113,Rice,1968,1968,ha,45729,A,Official value,
QCL,Crops and livestock products,288,Ghana,5412,Yield,113,Rice,1968,1968,kg/ha,1428.7,A,Official value,
QCL,Crops and livestock products,288,Ghana,5510,Production,113,Rice,1968,1968,t,65332,A,Official value,
QCL,Crops and livestock products,288,Ghana,5312,Area harvested,113,Rice,1969,1969,ha,49000,A,Official value,
QCL,Crops and livestock products,288,Ghana,5412,Yield,113,Rice,1969,1969,kg/ha,1244.1,A,Official value,
QCL,Crops and livestock products,288,Ghana,5510,Production,113,Rice,1969,1969,t,60963,A,Official value,
QCL,Crops and livestock products,288,Ghana,5312,Area harvested,113,Rice,1970,1970,ha,55000,A,Official value,
QCL,Crops and livestock products,288,Ghana,5412,Yield,113,Rice,1970,1970,kg/ha,887.3,A,Official value,
QCL,Crops and livestock products,288,Ghana,5510,Production,113,Rice,1970,1970,t,48800,A,Official value,
QCL,Crops and livestock products,288,Ghana,5312,Area harvested,113,Rice,1971,1971,ha,60700,A,Official value,
QCL,Crops and livestock products,288,Ghana,5412,Yield,113,Rice,1971,1971,kg/ha,904.4,A,Official value,
QCL,Crops and livestock products,288,Ghana,5510,Production,113,Rice,1971,1971,t,54900,A,Official value,
QCL,Crops and livestock products,288,Ghana,5312,Area harvested,113,Rice,1972,1972,ha,70000,A,Official value,
QCL,Crops and livestock products,288,Ghana,5412,Yield,113,Rice,1972,1972,kg/ha,1001.4,A,Official value,
QCL,Crops and livestock products,288,Ghana,5510,Production,113,Rice,1972,1972,t,70100,A,Official value,
QCL,Crops and livestock products,288,Ghana,5312,Area harvested,113,Rice,1973,1973,ha,66000,A,Official value,
QCL,Crops and livestock products,288,Ghana,5412,Yield,113,Rice,1973,1973,kg/ha,939.4,A,Official value,
QCL,Crops and livestock products,288,Ghana,5510,Production,113,Rice,1973,1973,t,62000,A,Official value,
QCL,Crops and livestock products,288,Ghana,5312,Area harvested,113,Rice,1974,1974,ha,66800,A,Official value,
QCL,Crops and livestock products,288,Ghana,5412,Yield,113,Rice,1974,1974,kg/ha,1095.8,A,Official value,
QCL,Crops and livestock products,288,Ghana,5510,Production,113,Rice,1974,1974,t,73200,A,Official value,
QCL,Crops and livestock products,288,Ghana,5312,Area harvested,113,Rice,1975,1975,ha,78500,A,Official value,
QCL,Crops and livestock products,288,Ghana,5412,Yield,113,Rice,1975,1975,kg/ha,905.7,A,Official value,
QCL,Crops and livestock products,288,Ghana,5510,Production,113,Rice,1975,1975,t,71100,A,Official value,
QCL,Crops and livestock products,288,Ghana,5312,Area harvested,113,Rice,1976,1976,ha,77000,A,Official value,
QCL,Crops and livestock products,288,Ghana,5412,Yield,113,Rice,1976,1976,kg/ha,906.5,A,Official value,
QCL,Crops and livestock products,288,Ghana,5510,Production,113,Rice,1976,1976,t,69800,A,Official value,
QCL,Crops and livestock products,288,Ghana,5312,Area harvested,113,Rice,1977,1977,ha,129000,A,Official value,
QCL,Crops and livestock products,288,Ghana,5412,Yield,113,Rice,1977,1977,kg/ha,845,A,Official value,
QCL,Crops and livestock products,288,Ghana,5510,Production,113,Rice,1977,1977,t,109000,A,Official value,
QCL,Crops and livestock products,288,Ghana,5312,Area harvested,113,Rice,1978,1978,ha,123000,A,Official value,
QCL,Crops and livestock products,288,Ghana,5412,Yield,113,Rice,1978,1978,kg/ha,878,A,Official value,
QCL,Crops and livestock products,288,Ghana,5510,Production,113,Rice,1978,1978,t,108000,A,Official value,
QCL,Crops and livestock products,288,Ghana,5312,Area harvested,113,Rice,1979,1979,ha,105000,A,Official value,
QCL,Crops and livestock products,288,Ghana,5412,Yield,113,Rice,1979,1979,kg/ha,885.7,A,Official value,
QCL,Crops and livestock products,288,Ghana,5510,Production,113,Rice,1979,1979,t,93000,A,Official value,
QCL,Crops and livestock products,288,Ghana,5312,Area harvested,113,Rice,1980,1980,ha,99000,A,Official value,
QCL,Crops and livestock products,288,Ghana,5412,Yield,113,Rice,1980,1980,kg/ha,787.9,A,Official value,
QCL,Crops and livestock products,288,Ghana,5510,Production,113,Rice,1980,1980,t,78000,A,Official value,
QCL,Crops and livestock products,288,Ghana,5312,Area harvested,113,Rice,1981,1981,ha,116000,A,Official value,
QCL,Crops and livestock products,288,Ghana,5412,Yield,113,Rice,1981,1981,kg/ha,836.2,A,Official value,
QCL,Crops and livestock products,288,Ghana,5510,Production,113,Rice,1981,1981,t,97000,A,Official value,
QCL,Crops and livestock products,288,Ghana,5312,Area harvested,113,Rice,1982,1982,ha,61000,A,Official value,
QCL,Crops and livestock products,288,Ghana,5412,Yield,113,Rice,1982,1982,kg/ha,590.2,A,Official value,
QCL,Crops and livestock products,288,Ghana,5510,Production,113,Rice,1982,1982,t,36000,A,Official value,
QCL,Crops and livestock products,288,Ghana,5312,Area harvested,113,Rice,1983,1983,ha,40000,A,Official value,
QCL,Crops and livestock products,288,Ghana,5412,Yield,113,Rice,1983,1983,kg/ha,1000,A,Official value,
QCL,Crops and livestock products,288,Ghana,5510,Production,113,Rice,1983,1983,t,40000,A,Official value,
QCL,Crops and livestock products,288,Ghana,5312,Area harvested,113,Rice,1984,1984,ha,69000,A,Official value,
QCL,Crops and livestock products,288,Ghana,5412,Yield,113,Rice,1984,1984,kg/ha,942,A,Official value,
QCL,Crops and livestock products,288,Ghana,5510,Production,113,Rice,1984,1984,t,65000,A,Official value,
QCL,Crops and livestock products,288,Ghana,5312,Area harvested,113,Rice,1985,1985,ha,68000,A,Official value,
QCL,Crops and livestock products,288,Ghana,5412,Yield,113,Rice,1985,1985,kg/ha,1176.5,A,Official value,
QCL,Crops and livestock products,288,Ghana,5510,Production,113,Rice,1985,1985,t,80000,A,Official value,
QCL,Crops and livestock products,288,Ghana,5312,Area harvested,113,Rice,1986,1986,ha,76100,A,Official value,
QCL,Crops and livestock products,288,Ghana,5412,Yield,113,Rice,1986,1986,kg/ha,914.6,A,Official value,
QCL,Crops and livestock products,288,Ghana,5510,Production,113,Rice,1986,1986,t,69600,A,Official value,
QCL,Crops and livestock products,288,Ghana,5312,Area harvested,113,Rice,1987,1987,ha,72000,A,Official value,
QCL,Crops and livestock products,288,Ghana,5412,Yield,113,Rice,1987,1987,kg/ha,1120.8,A,Official value,
QCL,Crops and livestock products,288,Ghana,5510,Production,113,Rice,1987,1987,t,80700,A,Official value,
QCL,Crops and livestock products,288,Ghana,5312,Area harvested,113,Rice,1988,1988,ha,51800,A,Official value,
QCL,Crops and livestock products,288,Ghana,5412,Yield,113,Rice,1988,1988,kg/ha,1834,A,Official value,
QCL,Crops and livestock products,288,Ghana,5510,Production,113,Rice,1988,1988,t,95000,A,Official value,
QCL,Crops and livestock products,288,Ghana,5312,Area harvested,113,Rice,1989,1989,ha,71600,A,Official value,
QCL,Crops and livestock products,288,Ghana,5412,Yield,113,Rice,1989,1989,kg/ha,1029.3,A,Official value,
QCL,Crops and livestock products,288,Ghana,5510,Production,113,Rice,1989,1989,t,73700,A,Official value,
QCL,Crops and livestock products,288,Ghana,5312,Area harvested,113,Rice,1990,1990,ha,49000,A,Official value,
QCL,Crops and livestock products,288,Ghana,5412,Yield,113,Rice,1990,1990,kg/ha,1651,A,Official value,
QCL,Crops and livestock products,288,Ghana,5510,Production,113,Rice,1990,1990,t,80900,A,Official value,
QCL,Crops and livestock products,288,Ghana,5312,Area harvested,113,Rice,1991,1991,ha,94900,A,Official value,
QCL,Crops and livestock products,288,Ghana,5412,Yield,113,Rice,1991,1991,kg/ha,1590.1,A,Official value,
QCL,Crops and livestock products,288,Ghana,5510,Production,113,Rice,1991,1991,t,150900,A,Official value,
QCL,Crops and livestock products,288,Ghana,5312,Area harvested,113,Rice,1992,1992,ha,79700,A,Official value,
QCL,Crops and livestock products,288,Ghana,5412,Yield,113,Rice,1992,1992,kg/ha,1649.9,A,Official value,
QCL,Crops and livestock products,288,Ghana,5510,Production,113,Rice,1992,1992,t,131500,A,Official value,
QCL,Crops and livestock products,288,Ghana,5312,Area harvested,113,Rice,1993,1993,ha,77200,A,Official value,
QCL,Crops and livestock products,288,Ghana,5412,Yield,113,Rice,1993,1993,kg/ha,2038.9,A,Official value,
QCL,Crops and livestock products,288,Ghana,5510,Production,113,Rice,1993,1993,t,157400,A,Official value,
QCL,Crops and livestock products,288,Ghana,5312,Area harvested,113,Rice,1994,1994,ha,80900,A,Official value,
QCL,Crops and livestock products,288,Ghana,5412,Yield,113,Rice,1994,1994,kg/ha,2006.2,A,Official value,
QCL,Crops and livestock products,288,Ghana,5510,Production,113,Rice,1994,1994,t,162300,A,Official value,
QCL,Crops and livestock products,288,Ghana,5312,Area harvested,113,Rice,1995,1995,ha,99900,A,Official value,
QCL,Crops and livestock products,288,Ghana,5412,Yield,113,Rice,1995,1995,kg/ha,2019.2,A,Official value,
QCL,Crops and livestock products,288,Ghana,5510,Production,113,Rice,1995,1995,t,201720,A,Official value,
QCL,Crops and livestock products,288,Ghana,5312,Area harvested,113,Rice,1996,1996,ha,105250,A,Official value,
QCL,Crops and livestock products,288,Ghana,5412,Yield,113,Rice,1996,1996,kg/ha,2049.6,A,Official value,
QCL,Crops and livestock products,288,Ghana,5510,Production,113,Rice,1996,1996,t,215720,A,Official value,
QCL,Crops and livestock products,288,Ghana,5312,Area harvested,113,Rice,1997,1997,ha,117700,A,Official value,
QCL,Crops and livestock products,288,Ghana,5412,Yield,113,Rice,1997,1997,kg/ha,1674.6,A,Official value,
QCL,Crops and livestock products,288,Ghana,5510,Production,113,Rice,1997,1997,t,197100,A,Official value,
QCL,Crops and livestock products,288,Ghana,5312,Area harvested,113,Rice,1998,1998,ha,130400,A,Official value,
QCL,Crops and livestock products,288,Ghana,5412,Yield,113,Rice,1998,1998,kg/ha,1484.7,A,Official value,
QCL,Crops and livestock products,288,Ghana,5510,Production,113,Rice,1998,1998,t,193600,A,Official value,
QCL,Crops and livestock products,288,Ghana,5312,Area harvested,113,Rice,1999,1999,ha,105300,A,Official value,
QCL,Crops and livestock products,288,Ghana,5412,Yield,113,Rice,1999,1999,kg/ha,1991.9,A,Official value,
QCL,Crops and livestock products,288,Ghana,5510,Production,113,Rice,1999,1999,t,209750,A,Official value,
QCL,Crops and livestock products,288,Ghana,5312,Area harvested,113,Rice,2000,2000,ha,115200,A,Official value,
QCL,Crops and livestock products,288,Ghana,5412,Yield,113,Rice,2000,2000,kg/ha,2158.9,A,Official value,
QCL,Crops and livestock products,288,Ghana,5510,Production,113,Rice,2000,2000,t,248700,A,Official value,
QCL,Crops and livestock products,288,Ghana,5312,Area harvested,113,Rice,2001,2001,ha,136039,A,Official value,
QCL,Crops and livestock products,288,Ghana,5412,Yield,113,Rice,2001,2001,kg/ha,2018.5,A,Official value,
QCL,Crops and livestock products,288,Ghana,5510,Production,113,Rice,2001,2001,t,274596,A,Official value,
QCL,Crops and livestock products,288,Ghana,5312,Area harvested,113,Rice,2002,2002,ha,122810,A,Official value,
QCL,Crops and livestock products,288,Ghana,5412,Yield,113,Rice,2002,2002,kg/ha,2279.9,A,Official value,
QCL,Crops and livestock products,288,Ghana,5510,Production,113,Rice,2002,2002,t,280000,A,Official value,
QCL,Crops and livestock products,288,Ghana,5312,Area harvested,113,Rice,2003,2003,ha,117000,A,Official value,
QCL,Crops and livestock products,288,Ghana,5412,Yield,113,Rice,2003,2003,kg/ha,2041.1,A,Official value,
QCL,Crops and livestock products,288,Ghana,5510,Production,113,Rice,2003,2003,t,238810,A,Official value,
QCL,Crops and livestock products,288,Ghana,5312,Area harvested,113,Rice,2004,2004,ha,119392,A,Official value,
QCL,Crops and livestock products,288,Ghana,5412,Yield,113,Rice,2004,2004,kg/ha,2025.3,A,Official value,
QCL,Crops and livestock products,288,Ghana,5510,Production,113,Rice,2004,2004,t,241807,A,Official value,
QCL,Crops and livestock products,288,Ghana,5312,Area harvested,113,Rice,2005,2005,ha,120000,A,Official value,
QCL,Crops and livestock products,288,Ghana,5412,Yield,113,Rice,2005,2005,kg/ha,2391.7,A,Official value,
QCL,Crops and livestock products,288,Ghana,5510,Production,113,Rice,2005,2005,t,287000,A,Official value,
QCL,Crops and livestock products,288,Ghana,5312,Area harvested,113,Rice,2006,2006,ha,125000,A,Official value,
QCL,Crops and livestock products,288,Ghana,5412,Yield,113,Rice,2006,2006,kg/ha,2000,A,Official value,
QCL,Crops and livestock products,288,Ghana,5510,Production,113,Rice,2006,2006,t,250000,A,Official value,
QCL,Crops and livestock products,288,Ghana,5312,Area harvested,113,Rice,2007,2007,ha,108930,A,Official value,
QCL,Crops and livestock products,288,Ghana,5412,Yield,113,Rice,2007,2007,kg/ha,1701.5,A,Official value,
QCL,Crops and livestock products,288,Ghana,5510,Production,113,Rice,2007,2007,t,185340,A,Official value,
QCL,Crops and livestock products,288,Ghana,5312,Area harvested,113,Rice,2008,2008,ha,132800,A,Official value,
QCL,Crops and livestock products,288,Ghana,5412,Yield,113,Rice,2008,2008,kg/ha,2273.5,A,Official value,
QCL,Crops and livestock products,288,Ghana,5510,Production,113,Rice,2008,2008,t,301920,A,Official value,
QCL,Crops and livestock products,288,Ghana,5312,Area harvested,113,Rice,2009,2009,ha,162360,A,Official value,
QCL,Crops and livestock products,288,Ghana,5412,Yield,113,Rice,2009,2009,kg/ha,2410.9,A,Official value,
QCL,Crops and livestock products,288,Ghana,5510,Production,113,Rice,2009,2009,t,391440,A,Official value,
QCL,Crops and livestock products,288,Ghana,5312,Area harvested,113,Rice,2010,2010,ha,181228,A,Official value,
QCL,Crops and livestock products,288,Ghana,5412,Yield,113,Rice,2010,2010,kg/ha,2712.6,A,Official value,
QCL,Crops and livestock products,288,Ghana,5510,Production,113,Rice,2010,2010,t,491603,A,Official value,
QCL,Crops and livestock products,288,Ghana,5312,Area harvested,113,Rice,2011,2011,ha,197480,A,Official value,
QCL,Crops and livestock products,288,Ghana,5412,Yield,113,Rice,2011,2011,kg/ha,2349.5,A,Official value,
QCL,Crops and livestock products,288,Ghana,5510,Production,113,Rice,2011,2011,t,463975,A,Official value,
QCL,Crops and livestock products,288,Ghana,5312,Area harvested,113,Rice,2012,2012,ha,189529,A,Official value,
QCL,Crops and livestock products,288,Ghana,5412,Yield,113,Rice,2012,2012,kg/ha,2538.6,A,Official value,
QCL,Crops and livestock products,288,Ghana,5510,Production,113,Rice,2012,2012,t,481134,A,Official value,
QCL,Crops and livestock products,288,Ghana,5312,Area harvested,113,Rice,2013,2013,ha,215905,A,Official value,
QCL,Crops and livestock products,288,Ghana,5412,Yield,113,Rice,2013,2013,kg/ha,2637.8,A,Official value,
QCL,Crops and livestock products,288,Ghana,5510,Production,113,Rice,2013,2013,t,569524,A,Official value,
QCL,Crops and livestock products,288,Ghana,5312,Area harvested,113,Rice,2014,2014,ha,224000,A,Official value,
QCL,Crops and livestock products,288,Ghana,5412,Yield,113,Rice,2014,2014,kg/ha,2696.4,A,Official value,
QCL,Crops and livestock products,288,Ghana,5510,Production,113,Rice,2014,2014,t,604000,A,Official value,
QCL,Crops and livestock products,288,Ghana,5312,Area harvested,113,Rice,2015,2015,ha,233270,A,Official value,
QCL,Crops and livestock products,288,Ghana,5412,Yield,113,Rice,2015,2015,kg/ha,2750,A,Official value,
QCL,Crops and livestock products,288,Ghana,5510,Production,113,Rice,2015,2015,t,641491.54,A,Official value,
QCL,Crops and livestock products,288,Ghana,5312,Area harvested,113,Rice,2016,2016,ha,243858,A,Official value,
QCL,Crops and livestock products,288,Ghana,5412,Yield,113,Rice,2016,2016,kg/ha,2820,A,Official value,
QCL,Crops and livestock products,288,Ghana,5510,Production,113,Rice,2016,2016,t,687678.93,A,Official value,
QCL,Crops and livestock products,288,Ghana,5312,Area harvested,113,Rice,2017,2017,ha,241700,E,Estimated value,
QCL,Crops and livestock products,288,Ghana,5412,Yield,113,Rice,2017,2017,kg/ha,2987.5,E,Estimated value,
QCL,Crops and livestock products,288,Ghana,5510,Production,113,Rice,2017,2017,t,722080.11,A,Official value,
QCL,Crops and livestock products,288,Ghana,5312,Area harvested,113,Rice,2018,2018,ha,206000,A,Official value,
QCL,Crops and livestock products,288,Ghana,5412,Yield,113,Rice,2018,2018,kg/ha,3735,A,Official value,
QCL,Crops and livestock products,288,Ghana,5510,Production,113,Rice,2018,2018,t,769400.87,A,Official value,
QCL,Crops and livestock products,288,Ghana,5312,Area harvested,113,Rice,2019,2019,ha,282000,A,Official value,
QCL,Crops and livestock products,288,Ghana,5412,Yield,113,Rice,2019,2019,kg/ha,3280.1,A,Official value,
QCL,Crops and livestock products,288,Ghana,5510,Production,113,Rice,2019,2019,t,925000,A,Official value,
QCL,Crops and livestock products,288,Ghana,5312,Area harvested,113,Rice,2020,2020,ha,291000,A,Official value,
QCL,Crops and livestock products,288,Ghana,5412,Yield,113,Rice,2020,2020,kg/ha,3343.6,A,Official value,
QCL,Crops and livestock products,288,Ghana,5510,Production,113,Rice,2020,2020,t,973000,A,Official value,
QCL,Crops and livestock products,288,Ghana,5312,Area harvested,113,Rice,2021,2021,ha,357000,A,Official value,
QCL,Crops and livestock products,288,Ghana,5412,Yield,113,Rice,2021,2021,kg/ha,3201.7,A,Official value,
QCL,Crops and livestock products,288,Ghana,5510,Production,113,Rice,2021,2021,t,1143000,A,Official value,
QCL,Crops and livestock products,288,Ghana,5312,Area harvested,113,Rice,2022,2022,ha,382000,E,Estimated value,
QCL,Crops and livestock products,288,Ghana,5412,Yield,113,Rice,2022,2022,kg/ha,3358.6,E,Estimated value,
QCL,Crops and livestock products,288,Ghana,5510,Production,113,Rice,2022,2022,t,1283000,A,Official value,
QCL,Crops and livestock products,288,Ghana,5312,Area harvested,113,Rice,2023,2023,ha,443200,E,Estimated value,
QCL,Crops and livestock products,288,Ghana,5412,Yield,113,Rice,2023,2023,kg/ha,3255.9,E,Estimated value,
QCL,Crops and livestock products,288,Ghana,5510,Production,113,Rice,2023,2023,t,1443000,A,Official value,
QCL,Crops and livestock products,288,Ghana,5312,Area harvested,113,Rice,2024,2024,ha,472900,E,Estimated value,
QCL,Crops and livestock products,288,Ghana,5412,Yield,113,Rice,2024,2024,kg/ha,3639.7,E,Estimated value,
QCL,Crops and livestock products,288,Ghana,5510,Production,113,Rice,2024,2024,t,1721200,A,Official value,
QCL,Crops and livestock products,288,Ghana,5312,Area harvested,1540,Yams,1961,1961,ha,150000,E,Estimated value,
QCL,Crops and livestock products,288,Ghana,5412,Yield,1540,Yams,1961,1961,kg/ha,7333.3,E,Estimated value,
QCL,Crops and livestock products,288,Ghana,5510,Production,1540,Yams,1961,1961,t,1100000,E,Estimated value,
QCL,Crops and livestock products,288,Ghana,5312,Area harvested,1540,Yams,1962,1962,ha,150000,E,Estimated value,
QCL,Crops and livestock products,288,Ghana,5412,Yield,1540,Yams,1962,1962,kg/ha,7333.3,E,Estimated value,
QCL,Crops and livestock products,288,Ghana,5510,Production,1540,Yams,1962,1962,t,1100000,E,Estimated value,
QCL,Crops and livestock products,288,Ghana,5312,Area harvested,1540,Yams,1963,1963,ha,162000,E,Estimated value,
QCL,Crops and livestock products,288,Ghana,5412,Yield,1540,Yams,1963,1963,kg/ha,6784,E,Estimated value,
QCL,Crops and livestock products,288,Ghana,5510,Production,1540,Yams,1963,1963,t,1099000,A,Official value,
QCL,Crops and livestock products,288,Ghana,5312,Area harvested,1540,Yams,1964,1964,ha,171000,A,Official value,
QCL,Crops and livestock products,288,Ghana,5412,Yield,1540,Yams,1964,1964,kg/ha,6742.7,A,Official value,
QCL,Crops and livestock products,288,Ghana,5510,Production,1540,Yams,1964,1964,t,1153000,A,Official value,
QCL,Crops and livestock products,288,Ghana,5312,Area harvested,1540,Yams,1965,1965,ha,95000,A,Official value,
QCL,Crops and livestock products,288,Ghana,5412,Yield,1540,Yams,1965,1965,kg/ha,11105.3,A,Official value,
QCL,Crops and livestock products,288,Ghana,5510,Production,1540,Yams,1965,1965,t,1055000,A,Official value,
QCL,Crops and livestock products,288,Ghana,5312,Area harvested,1540,Yams,1966,1966,ha,87000,A,Official value,
QCL,Crops and livestock products,288,Ghana,5412,Yield,1540,Yams,1966,1966,kg/ha,10046,A,Official value,
QCL,Crops and livestock products,288,Ghana,5510,Production,1540,Yams,1966,1966,t,874000,A,Official value,
QCL,Crops and livestock products,288,Ghana,5312,Area harvested,1540,Yams,1967,1967,ha,99000,A,Official value,
QCL,Crops and livestock products,288,Ghana,5412,Yield,1540,Yams,1967,1967,kg/ha,11452.5,A,Official value,
QCL,Crops and livestock products,288,Ghana,5510,Production,1540,Yams,1967,1967,t,1133800,A,Official value,
QCL,Crops and livestock products,288,Ghana,5312,Area harvested,1540,Yams,1968,1968,ha,119000,A,Official value,
QCL,Crops and livestock products,288,Ghana,5412,Yield,1540,Yams,1968,1968,kg/ha,10386.6,A,Official value,
QCL,Crops and livestock products,288,Ghana,5510,Production,1540,Yams,1968,1968,t,1236000,A,Official value,
QCL,Crops and livestock products,288,Ghana,5312,Area harvested,1540,Yams,1969,1969,ha,117000,A,Official value,
QCL,Crops and livestock products,288,Ghana,5412,Yield,1540,Yams,1969,1969,kg/ha,11324.8,A,Official value,
QCL,Crops and livestock products,288,Ghana,5510,Production,1540,Yams,1969,1969,t,1325000,A,Official value,
QCL,Crops and livestock products,288,Ghana,5312,Area harvested,1540,Yams,1970,1970,ha,172000,A,Official value,
QCL,Crops and livestock products,288,Ghana,5412,Yield,1540,Yams,1970,1970,kg/ha,5284.9,A,Official value,
QCL,Crops and livestock products,288,Ghana,5510,Production,1540,Yams,1970,1970,t,909000,A,Official value,
QCL,Crops and livestock products,288,Ghana,5312,Area harvested,1540,Yams,1971,1971,ha,172000,A,Official value,
QCL,Crops and livestock products,288,Ghana,5412,Yield,1540,Yams,1971,1971,kg/ha,5284.9,A,Official value,
QCL,Crops and livestock products,288,Ghana,5510,Production,1540,Yams,1971,1971,t,909000,A,Official value,
QCL,Crops and livestock products,288,Ghana,5312,Area harvested,1540,Yams,1972,1972,ha,134000,A,Official value,
QCL,Crops and livestock products,288,Ghana,5412,Yield,1540,Yams,1972,1972,kg/ha,5067.2,A,Official value,
QCL,Crops and livestock products,288,Ghana,5510,Production,1540,Yams,1972,1972,t,679000,A,Official value,
QCL,Crops and livestock products,288,Ghana,5312,Area harvested,1540,Yams,1973,1973,ha,130000,A,Official value,
QCL,Crops and livestock products,288,Ghana,5412,Yield,1540,Yams,1973,1973,kg/ha,5276.9,A,Official value,
QCL,Crops and livestock products,288,Ghana,5510,Production,1540,Yams,1973,1973,t,686000,A,Official value,
QCL,Crops and livestock products,288,Ghana,5312,Area harvested,1540,Yams,1974,1974,ha,133000,A,Official value,
QCL,Crops and livestock products,288,Ghana,5412,Yield,1540,Yams,1974,1974,kg/ha,6391,A,Official value,
QCL,Crops and livestock products,288,Ghana,5510,Production,1540,Yams,1974,1974,t,850000,A,Official value,
QCL,Crops and livestock products,288,Ghana,5312,Area harvested,1540,Yams,1975,1975,ha,117000,A,Official value,
QCL,Crops and livestock products,288,Ghana,5412,Yield,1540,Yams,1975,1975,kg/ha,6059.8,A,Official value,
QCL,Crops and livestock products,288,Ghana,5510,Production,1540,Yams,1975,1975,t,709000,A,Official value,
QCL,Crops and livestock products,288,Ghana,5312,Area harvested,1540,Yams,1976,1976,ha,100000,A,Official value,
QCL,Crops and livestock products,288,Ghana,5412,Yield,1540,Yams,1976,1976,kg/ha,5750,A,Official value,
QCL,Crops and livestock products,288,Ghana,5510,Production,1540,Yams,1976,1976,t,575000,A,Official value,
QCL,Crops and livestock products,288,Ghana,5312,Area harvested,1540,Yams,1977,1977,ha,89000,A,Official value,
QCL,Crops and livestock products,288,Ghana,5412,Yield,1540,Yams,1977,1977,kg/ha,6011.2,A,Official value,
QCL,Crops and livestock products,288,Ghana,5510,Production,1540,Yams,1977,1977,t,535000,A,Official value,
QCL,Crops and livestock products,288,Ghana,5312,Area harvested,1540,Yams,1978,1978,ha,95000,A,Official value,
QCL,Crops and livestock products,288,Ghana,5412,Yield,1540,Yams,1978,1978,kg/ha,5726.3,A,Official value,
QCL,Crops and livestock products,288,Ghana,5510,Production,1540,Yams,1978,1978,t,544000,A,Official value,
QCL,Crops and livestock products,288,Ghana,5312,Area harvested,1540,Yams,1979,1979,ha,105000,A,Official value,
QCL,Crops and livestock products,288,Ghana,5412,Yield,1540,Yams,1979,1979,kg/ha,5733.3,A,Official value,
QCL,Crops and livestock products,288,Ghana,5510,Production,1540,Yams,1979,1979,t,602000,A,Official value,
QCL,Crops and livestock products,288,Ghana,5312,Area harvested,1540,Yams,1980,1980,ha,113000,A,Official value,
QCL,Crops and livestock products,288,Ghana,5412,Yield,1540,Yams,1980,1980,kg/ha,5752.2,A,Official value,
QCL,Crops and livestock products,288,Ghana,5510,Production,1540,Yams,1980,1980,t,650000,A,Official value,
QCL,Crops and livestock products,288,Ghana,5312,Area harvested,1540,Yams,1981,1981,ha,116000,A,Official value,
QCL,Crops and livestock products,288,Ghana,5412,Yield,1540,Yams,1981,1981,kg/ha,5094.8,A,Official value,
QCL,Crops and livestock products,288,Ghana,5510,Production,1540,Yams,1981,1981,t,591000,A,Official value,
QCL,Crops and livestock products,288,Ghana,5312,Area harvested,1540,Yams,1982,1982,ha,111000,A,Official value,
QCL,Crops and livestock products,288,Ghana,5412,Yield,1540,Yams,1982,1982,kg/ha,5297.3,A,Official value,
QCL,Crops and livestock products,288,Ghana,5510,Production,1540,Yams,1982,1982,t,588000,A,Official value,
QCL,Crops and livestock products,288,Ghana,5312,Area harvested,1540,Yams,1983,1983,ha,143000,A,Official value,
QCL,Crops and livestock products,288,Ghana,5412,Yield,1540,Yams,1983,1983,kg/ha,6055.9,A,Official value,
QCL,Crops and livestock products,288,Ghana,5510,Production,1540,Yams,1983,1983,t,866000,A,Official value,
QCL,Crops and livestock products,288,Ghana,5312,Area harvested,1540,Yams,1984,1984,ha,223000,A,Official value,
QCL,Crops and livestock products,288,Ghana,5412,Yield,1540,Yams,1984,1984,kg/ha,5282.5,A,Official value,
QCL,Crops and livestock products,288,Ghana,5510,Production,1540,Yams,1984,1984,t,1178000,A,Official value,
QCL,Crops and livestock products,288,Ghana,5312,Area harvested,1540,Yams,1985,1985,ha,178000,A,Official value,
QCL,Crops and livestock products,288,Ghana,5412,Yield,1540,Yams,1985,1985,kg/ha,5544.9,A,Official value,
QCL,Crops and livestock products,288,Ghana,5510,Production,1540,Yams,1985,1985,t,987000,A,Official value,
QCL,Crops and livestock products,288,Ghana,5312,Area harvested,1540,Yams,1986,1986,ha,179000,A,Official value,
QCL,Crops and livestock products,288,Ghana,5412,Yield,1540,Yams,1986,1986,kg/ha,5855.3,A,Official value,
QCL,Crops and livestock products,288,Ghana,5510,Production,1540,Yams,1986,1986,t,1048100,A,Official value,
QCL,Crops and livestock products,288,Ghana,5312,Area harvested,1540,Yams,1987,1987,ha,204400,A,Official value,
QCL,Crops and livestock products,288,Ghana,5412,Yield,1540,Yams,1987,1987,kg/ha,5799.4,A,Official value,
QCL,Crops and livestock products,288,Ghana,5510,Production,1540,Yams,1987,1987,t,1185400,A,Official value,
QCL,Crops and livestock products,288,Ghana,5312,Area harvested,1540,Yams,1988,1988,ha,168300,A,Official value,
QCL,Crops and livestock products,288,Ghana,5412,Yield,1540,Yams,1988,1988,kg/ha,5359.5,A,Official value,
QCL,Crops and livestock products,288,Ghana,5510,Production,1540,Yams,1988,1988,t,902000,A,Official value,
QCL,Crops and livestock products,288,Ghana,5312,Area harvested,1540,Yams,1989,1989,ha,217000,A,Official value,
QCL,Crops and livestock products,288,Ghana,5412,Yield,1540,Yams,1989,1989,kg/ha,5797.2,A,Official value,
QCL,Crops and livestock products,288,Ghana,5510,Production,1540,Yams,1989,1989,t,1258000,A,Official value,
QCL,Crops and livestock products,288,Ghana,5312,Area harvested,1540,Yams,1990,1990,ha,119400,A,Official value,
QCL,Crops and livestock products,288,Ghana,5412,Yield,1540,Yams,1990,1990,kg/ha,7345.1,A,Official value,
QCL,Crops and livestock products,288,Ghana,5510,Production,1540,Yams,1990,1990,t,877000,A,Official value,
QCL,Crops and livestock products,288,Ghana,5312,Area harvested,1540,Yams,1991,1991,ha,227300,A,Official value,
QCL,Crops and livestock products,288,Ghana,5412,Yield,1540,Yams,1991,1991,kg/ha,11579,A,Official value,
QCL,Crops and livestock products,288,Ghana,5510,Production,1540,Yams,1991,1991,t,2631900,A,Official value,
QCL,Crops and livestock products,288,Ghana,5312,Area harvested,1540,Yams,1992,1992,ha,224100,A,Official value,
QCL,Crops and livestock products,288,Ghana,5412,Yield,1540,Yams,1992,1992,kg/ha,10403.4,A,Official value,
QCL,Crops and livestock products,288,Ghana,5510,Production,1540,Yams,1992,1992,t,2331400,A,Official value,
QCL,Crops and livestock products,288,Ghana,5312,Area harvested,1540,Yams,1993,1993,ha,206700,A,Official value,
QCL,Crops and livestock products,288,Ghana,5412,Yield,1540,Yams,1993,1993,kg/ha,13160.6,A,Official value,
QCL,Crops and livestock products,288,Ghana,5510,Production,1540,Yams,1993,1993,t,2720300,A,Official value,
QCL,Crops and livestock products,288,Ghana,5312,Area harvested,1540,Yams,1994,1994,ha,154200,A,Official value,
QCL,Crops and livestock products,288,Ghana,5412,Yield,1540,Yams,1994,1994,kg/ha,11025.6,A,Official value,
QCL,Crops and livestock products,288,Ghana,5510,Production,1540,Yams,1994,1994,t,1700140,A,Official value,
QCL,Crops and livestock products,288,Ghana,5312,Area harvested,1540,Yams,1995,1995,ha,176100,A,Official value,
QCL,Crops and livestock products,288,Ghana,5412,Yield,1540,Yams,1995,1995,kg/ha,12071,A,Official value,
QCL,Crops and livestock products,288,Ghana,5510,Production,1540,Yams,1995,1995,t,2125700,A,Official value,
QCL,Crops and livestock products,288,Ghana,5312,Area harvested,1540,Yams,1996,1996,ha,178006,A,Official value,
QCL,Crops and livestock products,288,Ghana,5412,Yield,1540,Yams,1996,1996,kg/ha,12779.3,A,Official value,
QCL,Crops and livestock products,288,Ghana,5510,Production,1540,Yams,1996,1996,t,2274790,A,Official value,
QCL,Crops and livestock products,288,Ghana,5312,Area harvested,1540,Yams,1997,1997,ha,187400,A,Official value,
QCL,Crops and livestock products,288,Ghana,5412,Yield,1540,Yams,1997,1997,kg/ha,12849,A,Official value,
QCL,Crops and livestock products,288,Ghana,5510,Production,1540,Yams,1997,1997,t,2407900,A,Official value,
QCL,Crops and livestock products,288,Ghana,5312,Area harvested,1540,Yams,1998,1998,ha,210920,A,Official value,
QCL,Crops and livestock products,288,Ghana,5412,Yield,1540,Yams,1998,1998,kg/ha,12814.8,A,Official value,
QCL,Crops and livestock products,288,Ghana,5510,Production,1540,Yams,1998,1998,t,2702900,A,Official value,
QCL,Crops and livestock products,288,Ghana,5312,Area harvested,1540,Yams,1999,1999,ha,242700,A,Official value,
QCL,Crops and livestock products,288,Ghana,5412,Yield,1540,Yams,1999,1999,kg/ha,13387.1,A,Official value,
QCL,Crops and livestock products,288,Ghana,5510,Production,1540,Yams,1999,1999,t,3249040,A,Official value,
QCL,Crops and livestock products,288,Ghana,5312,Area harvested,1540,Yams,2000,2000,ha,261000,A,Official value,
QCL,Crops and livestock products,288,Ghana,5412,Yield,1540,Yams,2000,2000,kg/ha,12884.7,A,Official value,
QCL,Crops and livestock products,288,Ghana,5510,Production,1540,Yams,2000,2000,t,3362900,A,Official value,
QCL,Crops and livestock products,288,Ghana,5312,Area harvested,1540,Yams,2001,2001,ha,287386,A,Official value,
QCL,Crops and livestock products,288,Ghana,5412,Yield,1540,Yams,2001,2001,kg/ha,12341.4,A,Official value,
QCL,Crops and livestock products,288,Ghana,5510,Production,1540,Yams,2001,2001,t,3546739,A,Official value,
QCL,Crops and livestock products,288,Ghana,5312,Area harvested,1540,Yams,2002,2002,ha,300010,A,Official value,
QCL,Crops and livestock products,288,Ghana,5412,Yield,1540,Yams,2002,2002,kg/ha,12999.6,A,Official value,
QCL,Crops and livestock products,288,Ghana,5510,Production,1540,Yams,2002,2002,t,3900000,A,Official value,
QCL,Crops and livestock products,288,Ghana,5312,Area harvested,1540,Yams,2003,2003,ha,321400,A,Official value,
QCL,Crops and livestock products,288,Ghana,5412,Yield,1540,Yams,2003,2003,kg/ha,11863.1,A,Official value,
QCL,Crops and livestock products,288,Ghana,5510,Production,1540,Yams,2003,2003,t,3812800,A,Official value,
QCL,Crops and livestock products,288,Ghana,5312,Area harvested,1540,Yams,2004,2004,ha,310834,A,Official value,
QCL,Crops and livestock products,288,Ghana,5412,Yield,1540,Yams,2004,2004,kg/ha,12522,A,Official value,
QCL,Crops and livestock products,288,Ghana,5510,Production,1540,Yams,2004,2004,t,3892259,A,Official value,
QCL,Crops and livestock products,288,Ghana,5312,Area harvested,1540,Yams,2005,2005,ha,363000,A,Official value,
QCL,Crops and livestock products,288,Ghana,5412,Yield,1540,Yams,2005,2005,kg/ha,10807.2,A,Official value,
QCL,Crops and livestock products,288,Ghana,5510,Production,1540,Yams,2005,2005,t,3923000,A,Official value,
QCL,Crops and livestock products,288,Ghana,5312,Area harvested,1540,Yams,2006,2006,ha,325000,A,Official value,
QCL,Crops and livestock products,288,Ghana,5412,Yield,1540,Yams,2006,2006,kg/ha,13193.8,A,Official value,
QCL,Crops and livestock products,288,Ghana,5510,Production,1540,Yams,2006,2006,t,4288000,A,Official value,
QCL,Crops and livestock products,288,Ghana,5312,Area harvested,1540,Yams,2007,2007,ha,323590,A,Official value,
QCL,Crops and livestock products,288,Ghana,5412,Yield,1540,Yams,2007,2007,kg/ha,13523.3,A,Official value,
QCL,Crops and livestock products,288,Ghana,5510,Production,1540,Yams,2007,2007,t,4375990,A,Official value,
QCL,Crops and livestock products,288,Ghana,5312,Area harvested,1540,Yams,2008,2008,ha,347570,A,Official value,
QCL,Crops and livestock products,288,Ghana,5412,Yield,1540,Yams,2008,2008,kg/ha,14083.1,A,Official value,
QCL,Crops and livestock products,288,Ghana,5510,Production,1540,Yams,2008,2008,t,4894850,A,Official value,
QCL,Crops and livestock products,288,Ghana,5312,Area harvested,1540,Yams,2009,2009,ha,378740,A,Official value,
QCL,Crops and livestock products,288,Ghana,5412,Yield,1540,Yams,2009,2009,kg/ha,15255.5,A,Official value,
QCL,Crops and livestock products,288,Ghana,5510,Production,1540,Yams,2009,2009,t,5777850,A,Official value,
QCL,Crops and livestock products,288,Ghana,5312,Area harvested,1540,Yams,2010,2010,ha,384942,A,Official value,
QCL,Crops and livestock products,288,Ghana,5412,Yield,1540,Yams,2010,2010,kg/ha,15484.1,A,Official value,
QCL,Crops and livestock products,288,Ghana,5510,Production,1540,Yams,2010,2010,t,5960486,A,Official value,
QCL,Crops and livestock products,288,Ghana,5312,Area harvested,1540,Yams,2011,2011,ha,403798,A,Official value,
QCL,Crops and livestock products,288,Ghana,5412,Yield,1540,Yams,2011,2011,kg/ha,15590.6,A,Official value,
QCL,Crops and livestock products,288,Ghana,5510,Production,1540,Yams,2011,2011,t,6295453,A,Official value,
QCL,Crops and livestock products,288,Ghana,5312,Area harvested,1540,Yams,2012,2012,ha,426343,A,Official value,
QCL,Crops and livestock products,288,Ghana,5412,Yield,1540,Yams,2012,2012,kg/ha,15571.7,A,Official value,
QCL,Crops and livestock products,288,Ghana,5510,Production,1540,Yams,2012,2012,t,6638867,A,Official value,
QCL,Crops and livestock products,288,Ghana,5312,Area harvested,1540,Yams,2013,2013,ha,421558,A,Official value,
QCL,Crops and livestock products,288,Ghana,5412,Yield,1540,Yams,2013,2013,kg/ha,16782,A,Official value,
QCL,Crops and livestock products,288,Ghana,5510,Production,1540,Yams,2013,2013,t,7074574,A,Official value,
QCL,Crops and livestock products,288,Ghana,5312,Area harvested,1540,Yams,2014,2014,ha,428000,A,Official value,
QCL,Crops and livestock products,288,Ghana,5412,Yield,1540,Yams,2014,2014,kg/ha,16633.2,A,Official value,
QCL,Crops and livestock products,288,Ghana,5510,Production,1540,Yams,2014,2014,t,7119000,A,Official value,
QCL,Crops and livestock products,288,Ghana,5312,Area harvested,1540,Yams,2015,2015,ha,430198,A,Official value,
QCL,Crops and livestock products,288,Ghana,5412,Yield,1540,Yams,2015,2015,kg/ha,16960,A,Official value,
QCL,Crops and livestock products,288,Ghana,5510,Production,1540,Yams,2015,2015,t,7296150.36,A,Official value,
QCL,Crops and livestock products,288,Ghana,5312,Area harvested,1540,Yams,2016,2016,ha,438183,A,Official value,
QCL,Crops and livestock products,288,Ghana,5412,Yield,1540,Yams,2016,2016,kg/ha,16980,A,Official value,
QCL,Crops and livestock products,288,Ghana,5510,Production,1540,Yams,2016,2016,t,7440354.5,A,Official value,
QCL,Crops and livestock products,288,Ghana,5312,Area harvested,1540,Yams,2017,2017,ha,458480,I,Value imputed by a receiving agency,
QCL,Crops and livestock products,288,Ghana,5412,Yield,1540,Yams,2017,2017,kg/ha,17136.8,E,Estimated value,
QCL,Crops and livestock products,288,Ghana,5510,Production,1540,Yams,2017,2017,t,7856898.64,A,Official value,
QCL,Crops and livestock products,288,Ghana,5312,Area harvested,1540,Yams,2018,2018,ha,470000,A,Official value,
QCL,Crops and livestock products,288,Ghana,5412,Yield,1540,Yams,2018,2018,kg/ha,16719.6,A,Official value,
QCL,Crops and livestock products,288,Ghana,5510,Production,1540,Yams,2018,2018,t,7858208.58,A,Official value,
QCL,Crops and livestock products,288,Ghana,5312,Area harvested,1540,Yams,2019,2019,ha,500000,A,Official value,
QCL,Crops and livestock products,288,Ghana,5412,Yield,1540,Yams,2019,2019,kg/ha,17508,A,Official value,
QCL,Crops and livestock products,288,Ghana,5510,Production,1540,Yams,2019,2019,t,8754000,A,Official value,
QCL,Crops and livestock products,288,Ghana,5312,Area harvested,1540,Yams,2020,2020,ha,505000,A,Official value,
QCL,Crops and livestock products,288,Ghana,5412,Yield,1540,Yams,2020,2020,kg/ha,17714.9,A,Official value,
QCL,Crops and livestock products,288,Ghana,5510,Production,1540,Yams,2020,2020,t,8946000,A,Official value,
QCL,Crops and livestock products,288,Ghana,5312,Area harvested,1540,Yams,2021,2021,ha,551000,A,Official value,
QCL,Crops and livestock products,288,Ghana,5412,Yield,1540,Yams,2021,2021,kg/ha,18653.4,A,Official value,
QCL,Crops and livestock products,288,Ghana,5510,Production,1540,Yams,2021,2021,t,10278000,A,Official value,
QCL,Crops and livestock products,288,Ghana,5312,Area harvested,1540,Yams,2022,2022,ha,580707,I,Value imputed by a receiving agency,
QCL,Crops and livestock products,288,Ghana,5412,Yield,1540,Yams,2022,2022,kg/ha,18430.8,E,Estimated value,
QCL,Crops and livestock products,288,Ghana,5510,Production,1540,Yams,2022,2022,t,10702900.69,I,Value imputed by a receiving agency,
QCL,Crops and livestock products,288,Ghana,5312,Area harvested,1540,Yams,2023,2023,ha,568184,I,Value imputed by a receiving agency,
QCL,Crops and livestock products,288,Ghana,5412,Yield,1540,Yams,2023,2023,kg/ha,18570.3,E,Estimated value,
QCL,Crops and livestock products,288,Ghana,5510,Production,1540,Yams,2023,2023,t,10551330.91,I,Value imputed by a receiving agency,
QCL,Crops and livestock products,288,Ghana,5312,Area harvested,1540,Yams,2024,2024,ha,536529,I,Value imputed by a receiving agency,
QCL,Crops and livestock products,288,Ghana,5412,Yield,1540,Yams,2024,2024,kg/ha,18849,E,Estimated value,
QCL,Crops and livestock products,288,Ghana,5510,Production,1540,Yams,2024,2024,t,10113013.74,I,Value imputed by a receiving agency,
